Workbook

Sheet Fase de Grupos
A1: Jogo # | B1: Data | C1: Horário (BRT) | D1: Grupo | E1: Seleção 1 | F1: Gols 1 | G1: x | H1: Gols 2 | I1: Seleção 2 | J1: Cidade/Estádio
A2: 1 | B2: 11/06 | C2: 16:00 | D2: A | E2: México | F2: 2 | G2: x | H2: 0 | I2: África do Sul | J2: Cidade do México
A3: 2 | B3: 11/06 | C3: 23:00 | D3: A | E3: Coreia do Sul | F3: 2 | G3: x | H3: 1 | I3: República Tcheca | J3: Guadalajara
A4: 3 | B4: 12/06 | C4: 16:00 | D4: B | E4: Canadá | F4: 1 | G4: x | H4: 1 | I4: Bósnia e Herzegovina | J4: Toronto
A5: 4 | B5: 12/06 | C5: 22:00 | D5: D | E5: EUA | F5: 4 | G5: x | H5: 1 | I5: Paraguai | J5: Los Angeles
A6: 5 | B6: 13/06 | C6: 16:00 | D6: B | E6: Catar | F6: 1 | G6: x | H6: 1 | I6: Suíça | J6: San Francisco
A7: 6 | B7: 13/06 | C7: 19:00 | D7: C | E7: Brasil | F7: 1 | G7: x | H7: 1 | I7: Marrocos | J7: Nova York/NJ
A8: 7 | B8: 13/06 | C8: 22:00 | D8: C | E8: Haiti | F8: 0 | G8: x | H8: 1 | I8: Escócia | J8: Boston
A9: 8 | B9: 14/06 | C9: 01:00 | D9: D | E9: Austrália | F9: 2 | G9: x | H9: 0 | I9: Turquia | J9: Vancouver
A10: 9 | B10: 14/06 | C10: 14:00 | D10: E | E10: Alemanha | F10: 7 | G10: x | H10: 1 | I10: Curaçao | J10: Houston
A11: 10 | B11: 14/06 | C11: 17:00 | D11: F | E11: Holanda | F11: 2 | G11: x | H11: 2 | I11: Japão | J11: Dallas
A12: 11 | B12: 14/06 | C12: 20:00 | D12: E | E12: Costa do Marfim | F12: 1 | G12: x | H12: 0 | I12: Equador | J12: Filadélfia
A13: 12 | B13: 14/06 | C13: 23:00 | D13: F | E13: Suécia | F13: 5 | G13: x | H13: 1 | I13: Tunísia | J13: Monterrey
... A73: 72 | B73: 27/06 | C73: 18:00 | D73: K | E73: RD Congo | F73: 3 | G73: x | H73: 1 | I73: Uzbequistão | J73: Atlanta

Sheet Classificação
A1: Grupo A
A2: Pos | B2: Seleção | C2: J | D2: V | E2: E | F2: D | G2: GP | H2: GC | I2: SG | J2: PTS
A3: 1 | B3: México | C3: =SUMPRODUCT(('Fase de Grupos'!$E$2:$E$73=$B3)*ISNUMBER('Fase de Grupos'!$F$2:$F$73)*ISNUMBER('Fase de Grupos'!$H$2:$H$73))+SUMPRODUCT(('Fase de Grupos'!$I$2:$I$73=$B3)*ISNUMBER('Fase de Grupos'!$F$2:$F$73)*ISNUMBER('Fase de Grupos'!$H$2:$H$73)) -> 3 | D3: =SUMPRODUCT(('Fase de Grupos'!$E$2:$E$73=$B3)*ISNUMBER('Fase de Grupos'!$F$2:$F$73)*ISNUMBER('Fase de Grupos'!$H$2:$H$73)*('Fase de Grupos'!$F$2:$F$73>'Fase de Grupos'!$H$2:$H$73))+SUMPRODUCT(('Fase de Grupos'!$I$2:$I$73=$B3)*ISNUMBER('Fase de Grupos'!$F$2:$F$73)*ISNUMBER('Fase de Grupos'!$H$2:$H$73)*('Fase de Grupos'!$H$2:$H$73>'Fase de Grupos'!$F$2:$F$73)) -> 3 | E3: =SUMPRODUCT(('Fase de Grupos'!$E$2:$E$73=$B3)*ISNUMBER('Fase de Grupos'!$F$2:$F$73)*ISNUMBER('Fase de Grupos'!$H$2:$H$73)*('Fase de Grupos'!$F$2:$F$73='Fase de Grupos'!$H$2:$H$73))+SUMPRODUCT(('Fase de Grupos'!$I$2:$I$73=$B3)*ISNUMBER('Fase de Grupos'!$F$2:$F$73)*ISNUMBER('Fase de Grupos'!$H$2:$H$73)*('Fase de Grupos'!$F$2:$F$73='Fase de Grupos'!$H$2:$H$73)) -> 0 | F3: =SUMPRODUCT(('Fase de Grupos'!$E$2:$E$73=$B3)*ISNUMBER('Fase de Grupos'!$F$2:$F$73)*ISNUMBER('Fase de Grupos'!$H$2:$H$73)*('Fase de Grupos'!$F$2:$F$73<'Fase de Grupos'!$H$2:$H$73))+SUMPRODUCT(('Fase de Grupos'!$I$2:$I$73=$B3)*ISNUMBER('Fase de Grupos'!$F$2:$F$73)*ISNUMBER('Fase de Grupos'!$H$2:$H$73)*('Fase de Grupos'!$H$2:$H$73<'Fase de Grupos'!$F$2:$F$73)) -> 0 | G3: =SUMPRODUCT(('Fase de Grupos'!$E$2:$E$73=$B3)*ISNUMBER('Fase de Grupos'!$F$2:$F$73)*ISNUMBER('Fase de Grupos'!$H$2:$H$73)*'Fase de Grupos'!$F$2:$F$73)+SUMPRODUCT(('Fase de Grupos'!$I$2:$I$73=$B3)*ISNUMBER('Fase de Grupos'!$F$2:$F$73)*ISNUMBER('Fase de Grupos'!$H$2:$H$73)*'Fase de Grupos'!$H$2:$H$73) -> 6 | H3: =SUMPRODUCT(('Fase de Grupos'!$E$2:$E$73=$B3)*ISNUMBER('Fase de Grupos'!$F$2:$F$73)*ISNUMBER('Fase de Grupos'!$H$2:$H$73)*'Fase de Grupos'!$H$2:$H$73)+SUMPRODUCT(('Fase de Grupos'!$I$2:$I$73=$B3)*ISNUMBER('Fase de Grupos'!$F$2:$F$73)*ISNUMBER('Fase de Grupos'!$H$2:$H$73)*'Fase de Grupos'!$F$2:$F$73) -> 0 | I3: =G3-H3 -> 6 | J3: =D3*3+E3 -> 9
A4: 2 | B4: Coreia do Sul | C4: =SUMPRODUCT(('Fase de Grupos'!$E$2:$E$73=$B4)*ISNUMBER('Fase de Grupos'!$F$2:$F$73)*ISNUMBER('Fase de Grupos'!$H$2:$H$73))+SUMPRODUCT(('Fase de Grupos'!$I$2:$I$73=$B4)*ISNUMBER('Fase de Grupos'!$F$2:$F$73)*ISNUMBER('Fase de Grupos'!$H$2:$H$73)) -> 3 | D4: =SUMPRODUCT(('Fase de Grupos'!$E$2:$E$73=$B4)*ISNUMBER('Fase de Grupos'!$F$2:$F$73)*ISNUMBER('Fase de Grupos'!$H$2:$H$73)*('Fase de Grupos'!$F$2:$F$73>'Fase de Grupos'!$H$2:$H$73))+SUMPRODUCT(('Fase de Grupos'!$I$2:$I$73=$B4)*ISNUMBER('Fase de Grupos'!$F$2:$F$73)*ISNUMBER('Fase de Grupos'!$H$2:$H$73)*('Fase de Grupos'!$H$2:$H$73>'Fase de Grupos'!$F$2:$F$73)) -> 1 | E4: =SUMPRODUCT(('Fase de Grupos'!$E$2:$E$73=$B4)*ISNUMBER('Fase de Grupos'!$F$2:$F$73)*ISNUMBER('Fase de Grupos'!$H$2:$H$73)*('Fase de Grupos'!$F$2:$F$73='Fase de Grupos'!$H$2:$H$73))+SUMPRODUCT(('Fase de Grupos'!$I$2:$I$73=$B4)*ISNUMBER('Fase de Grupos'!$F$2:$F$73)*ISNUMBER('Fase de Grupos'!$H$2:$H$73)*('Fase de Grupos'!$F$2:$F$73='Fase de Grupos'!$H$2:$H$73)) -> 0 | F4: =SUMPRODUCT(('Fase de Grupos'!$E$2:$E$73=$B4)*ISNUMBER('Fase de Grupos'!$F$2:$F$73)*ISNUMBER('Fase de Grupos'!$H$2:$H$73)*('Fase de Grupos'!$F$2:$F$73<'Fase de Grupos'!$H$2:$H$73))+SUMPRODUCT(('Fase de Grupos'!$I$2:$I$73=$B4)*ISNUMBER('Fase de Grupos'!$F$2:$F$73)*ISNUMBER('Fase de Grupos'!$H$2:$H$73)*('Fase de Grupos'!$H$2:$H$73<'Fase de Grupos'!$F$2:$F$73)) -> 2 | G4: =SUMPRODUCT(('Fase de Grupos'!$E$2:$E$73=$B4)*ISNUMBER('Fase de Grupos'!$F$2:$F$73)*ISNUMBER('Fase de Grupos'!$H$2:$H$73)*'Fase de Grupos'!$F$2:$F$73)+SUMPRODUCT(('Fase de Grupos'!$I$2:$I$73=$B4)*ISNUMBER('Fase de Grupos'!$F$2:$F$73)*ISNUMBER('Fase de Grupos'!$H$2:$H$73)*'Fase de Grupos'!$H$2:$H$73) -> 2 | H4: =SUMPRODUCT(('Fase de Grupos'!$E$2:$E$73=$B4)*ISNUMBER('Fase de Grupos'!$F$2:$F$73)*ISNUMBER('Fase de Grupos'!$H$2:$H$73)*'Fase de Grupos'!$H$2:$H$73)+SUMPRODUCT(('Fase de Grupos'!$I$2:$I$73=$B4)*ISNUMBER('Fase de Grupos'!$F$2:$F$73)*ISNUMBER('Fase de Grupos'!$H$2:$H$73)*'Fase de Grupos'!$F$2:$F$73) -> 3 | I4: =G4-H4 -> -1 | J4: =D4*3+E4 -> 3
A5: 3 | B5: África do Sul | C5: =SUMPRODUCT(('Fase de Grupos'!$E$2:$E$73=$B5)*ISNUMBER('Fase de Grupos'!$F$2:$F$73)*ISNUMBER('Fase de Grupos'!$H$2:$H$73))+SUMPRODUCT(('Fase de Grupos'!$I$2:$I$73=$B5)*ISNUMBER('Fase de Grupos'!$F$2:$F$73)*ISNUMBER('Fase de Grupos'!$H$2:$H$73)) -> 3 | D5: =SUMPRODUCT(('Fase de Grupos'!$E$2:$E$73=$B5)*ISNUMBER('Fase de Grupos'!$F$2:$F$73)*ISNUMBER('Fase de Grupos'!$H$2:$H$73)*('Fase de Grupos'!$F$2:$F$73>'Fase de Grupos'!$H$2:$H$73))+SUMPRODUCT(('Fase de Grupos'!$I$2:$I$73=$B5)*ISNUMBER('Fase de Grupos'!$F$2:$F$73)*ISNUMBER('Fase de Grupos'!$H$2:$H$73)*('Fase de Grupos'!$H$2:$H$73>'Fase de Grupos'!$F$2:$F$73)) -> 1 | E5: =SUMPRODUCT(('Fase de Grupos'!$E$2:$E$73=$B5)*ISNUMBER('Fase de Grupos'!$F$2:$F$73)*ISNUMBER('Fase de Grupos'!$H$2:$H$73)*('Fase de Grupos'!$F$2:$F$73='Fase de Grupos'!$H$2:$H$73))+SUMPRODUCT(('Fase de Grupos'!$I$2:$I$73=$B5)*ISNUMBER('Fase de Grupos'!$F$2:$F$73)*ISNUMBER('Fase de Grupos'!$H$2:$H$73)*('Fase de Grupos'!$F$2:$F$73='Fase de Grupos'!$H$2:$H$73)) -> 1 | F5: =SUMPRODUCT(('Fase de Grupos'!$E$2:$E$73=$B5)*ISNUMBER('Fase de Grupos'!$F$2:$F$73)*ISNUMBER('Fase de Grupos'!$H$2:$H$73)*('Fase de Grupos'!$F$2:$F$73<'Fase de Grupos'!$H$2:$H$73))+SUMPRODUCT(('Fase de Grupos'!$I$2:$I$73=$B5)*ISNUMBER('Fase de Grupos'!$F$2:$F$73)*ISNUMBER('Fase de Grupos'!$H$2:$H$73)*('Fase de Grupos'!$H$2:$H$73<'Fase de Grupos'!$F$2:$F$73)) -> 1 | G5: =SUMPRODUCT(('Fase de Grupos'!$E$2:$E$73=$B5)*ISNUMBER('Fase de Grupos'!$F$2:$F$73)*ISNUMBER('Fase de Grupos'!$H$2:$H$73)*'Fase de Grupos'!$F$2:$F$73)+SUMPRODUCT(('Fase de Grupos'!$I$2:$I$73=$B5)*ISNUMBER('Fase de Grupos'!$F$2:$F$73)*ISNUMBER('Fase de Grupos'!$H$2:$H$73)*'Fase de Grupos'!$H$2:$H$73) -> 2 | H5: =SUMPRODUCT(('Fase de Grupos'!$E$2:$E$73=$B5)*ISNUMBER('Fase de Grupos'!$F$2:$F$73)*ISNUMBER('Fase de Grupos'!$H$2:$H$73)*'Fase de Grupos'!$H$2:$H$73)+SUMPRODUCT(('Fase de Grupos'!$I$2:$I$73=$B5)*ISNUMBER('Fase de Grupos'!$F$2:$F$73)*ISNUMBER('Fase de Grupos'!$H$2:$H$73)*'Fase de Grupos'!$F$2:$F$73) -> 3 | I5: =G5-H5 -> -1 | J5: =D5*3+E5 -> 4
A6: 4 | B6: República Tcheca | C6: =SUMPRODUCT(('Fase de Grupos'!$E$2:$E$73=$B6)*ISNUMBER('Fase de Grupos'!$F$2:$F$73)*ISNUMBER('Fase de Grupos'!$H$2:$H$73))+SUMPRODUCT(('Fase de Grupos'!$I$2:$I$73=$B6)*ISNUMBER('Fase de Grupos'!$F$2:$F$73)*ISNUMBER('Fase de Grupos'!$H$2:$H$73)) -> 3 | D6: =SUMPRODUCT(('Fase de Grupos'!$E$2:$E$73=$B6)*ISNUMBER('Fase de Grupos'!$F$2:$F$73)*ISNUMBER('Fase de Grupos'!$H$2:$H$73)*('Fase de Grupos'!$F$2:$F$73>'Fase de Grupos'!$H$2:$H$73))+SUMPRODUCT(('Fase de Grupos'!$I$2:$I$73=$B6)*ISNUMBER('Fase de Grupos'!$F$2:$F$73)*ISNUMBER('Fase de Grupos'!$H$2:$H$73)*('Fase de Grupos'!$H$2:$H$73>'Fase de Grupos'!$F$2:$F$73)) -> 0 | E6: =SUMPRODUCT(('Fase de Grupos'!$E$2:$E$73=$B6)*ISNUMBER('Fase de Grupos'!$F$2:$F$73)*ISNUMBER('Fase de Grupos'!$H$2:$H$73)*('Fase de Grupos'!$F$2:$F$73='Fase de Grupos'!$H$2:$H$73))+SUMPRODUCT(('Fase de Grupos'!$I$2:$I$73=$B6)*ISNUMBER('Fase de Grupos'!$F$2:$F$73)*ISNUMBER('Fase de Grupos'!$H$2:$H$73)*('Fase de Grupos'!$F$2:$F$73='Fase de Grupos'!$H$2:$H$73)) -> 1 | F6: =SUMPRODUCT(('Fase de Grupos'!$E$2:$E$73=$B6)*ISNUMBER('Fase de Grupos'!$F$2:$F$73)*ISNUMBER('Fase de Grupos'!$H$2:$H$73)*('Fase de Grupos'!$F$2:$F$73<'Fase de Grupos'!$H$2:$H$73))+SUMPRODUCT(('Fase de Grupos'!$I$2:$I$73=$B6)*ISNUMBER('Fase de Grupos'!$F$2:$F$73)*ISNUMBER('Fase de Grupos'!$H$2:$H$73)*('Fase de Grupos'!$H$2:$H$73<'Fase de Grupos'!$F$2:$F$73)) -> 2 | G6: =SUMPRODUCT(('Fase de Grupos'!$E$2:$E$73=$B6)*ISNUMBER('Fase de Grupos'!$F$2:$F$73)*ISNUMBER('Fase de Grupos'!$H$2:$H$73)*'Fase de Grupos'!$F$2:$F$73)+SUMPRODUCT(('Fase de Grupos'!$I$2:$I$73=$B6)*ISNUMBER('Fase de Grupos'!$F$2:$F$73)*ISNUMBER('Fase de Grupos'!$H$2:$H$73)*'Fase de Grupos'!$H$2:$H$73) -> 2 | H6: =SUMPRODUCT(('Fase de Grupos'!$E$2:$E$73=$B6)*ISNUMBER('Fase de Grupos'!$F$2:$F$73)*ISNUMBER('Fase de Grupos'!$H$2:$H$73)*'Fase de Grupos'!$H$2:$H$73)+SUMPRODUCT(('Fase de Grupos'!$I$2:$I$73=$B6)*ISNUMBER('Fase de Grupos'!$F$2:$F$73)*ISNUMBER('Fase de Grupos'!$H$2:$H$73)*'Fase de Grupos'!$F$2:$F$73) -> 6 | I6: =G6-H6 -> -4 | J6: =D6*3+E6 -> 1
A8: Grupo B
A9: Pos | B9: Seleção | C9: J | D9: V | E9: E | F9: D | G9: GP | H9: GC | I9: SG | J9: PTS
A10: 1 | B10: Canadá | C10: =SUMPRODUCT(('Fase de Grupos'!$E$2:$E$73=$B10)*ISNUMBER('Fase de Grupos'!$F$2:$F$73)*ISNUMBER('Fase de Grupos'!$H$2:$H$73))+SUMPRODUCT(('Fase de Grupos'!$I$2:$I$73=$B10)*ISNUMBER('Fase de Grupos'!$F$2:$F$73)*ISNUMBER('Fase de Grupos'!$H$2:$H$73)) -> 3 | D10: =SUMPRODUCT(('Fase de Grupos'!$E$2:$E$73=$B10)*ISNUMBER('Fase de Grupos'!$F$2:$F$73)*ISNUMBER('Fase de Grupos'!$H$2:$H$73)*('Fase de Grupos'!$F$2:$F$73>'Fase de Grupos'!$H$2:$H$73))+SUMPRODUCT(('Fase de Grupos'!$I$2:$I$73=$B10)*ISNUMBER('Fase de Grupos'!$F$2:$F$73)*ISNUMBER('Fase de Grupos'!$H$2:$H$73)*('Fase de Grupos'!$H$2:$H$73>'Fase de Grupos'!$F$2:$F$73)) -> 1 | E10: =SUMPRODUCT(('Fase de Grupos'!$E$2:$E$73=$B10)*ISNUMBER('Fase de Grupos'!$F$2:$F$73)*ISNUMBER('Fase de Grupos'!$H$2:$H$73)*('Fase de Grupos'!$F$2:$F$73='Fase de Grupos'!$H$2:$H$73))+SUMPRODUCT(('Fase de Grupos'!$I$2:$I$73=$B10)*ISNUMBER('Fase de Grupos'!$F$2:$F$73)*ISNUMBER('Fase de Grupos'!$H$2:$H$73)*('Fase de Grupos'!$F$2:$F$73='Fase de Grupos'!$H$2:$H$73)) -> 1 | F10: =SUMPRODUCT(('Fase de Grupos'!$E$2:$E$73=$B10)*ISNUMBER('Fase de Grupos'!$F$2:$F$73)*ISNUMBER('Fase de Grupos'!$H$2:$H$73)*('Fase de Grupos'!$F$2:$F$73<'Fase de Grupos'!$H$2:$H$73))+SUMPRODUCT(('Fase de Grupos'!$I$2:$I$73=$B10)*ISNUMBER('Fase de Grupos'!$F$2:$F$73)*ISNUMBER('Fase de Grupos'!$H$2:$H$73)*('Fase de Grupos'!$H$2:$H$73<'Fase de Grupos'!$F$2:$F$73)) -> 1 | G10: =SUMPRODUCT(('Fase de Grupos'!$E$2:$E$73=$B10)*ISNUMBER('Fase de Grupos'!$F$2:$F$73)*ISNUMBER('Fase de Grupos'!$H$2:$H$73)*'Fase de Grupos'!$F$2:$F$73)+SUMPRODUCT(('Fase de Grupos'!$I$2:$I$73=$B10)*ISNUMBER('Fase de Grupos'!$F$2:$F$73)*ISNUMBER('Fase de Grupos'!$H$2:$H$73)*'Fase de Grupos'!$H$2:$H$73) -> 8 | H10: =SUMPRODUCT(('Fase de Grupos'!$E$2:$E$73=$B10)*ISNUMBER('Fase de Grupos'!$F$2:$F$73)*ISNUMBER('Fase de Grupos'!$H$2:$H$73)*'Fase de Grupos'!$H$2:$H$73)+SUMPRODUCT(('Fase de Grupos'!$I$2:$I$73=$B10)*ISNUMBER('Fase de Grupos'!$F$2:$F$73)*ISNUMBER('Fase de Grupos'!$H$2:$H$73)*'Fase de Grupos'!$F$2:$F$73) -> 3 | I10: =G10-H10 -> 5 | J10: =D10*3+E10 -> 4
A11: 2 | B11: Suíça | C11: =SUMPRODUCT(('Fase de Grupos'!$E$2:$E$73=$B11)*ISNUMBER('Fase de Grupos'!$F$2:$F$73)*ISNUMBER('Fase de Grupos'!$H$2:$H$73))+SUMPRODUCT(('Fase de Grupos'!$I$2:$I$73=$B11)*ISNUMBER('Fase de Grupos'!$F$2:$F$73)*ISNUMBER('Fase de Grupos'!$H$2:$H$73)) -> 3 | D11: =SUMPRODUCT(('Fase de Grupos'!$E$2:$E$73=$B11)*ISNUMBER('Fase de Grupos'!$F$2:$F$73)*ISNUMBER('Fase de Grupos'!$H$2:$H$73)*('Fase de Grupos'!$F$2:$F$73>'Fase de Grupos'!$H$2:$H$73))+SUMPRODUCT(('Fase de Grupos'!$I$2:$I$73=$B11)*ISNUMBER('Fase de Grupos'!$F$2:$F$73)*ISNUMBER('Fase de Grupos'!$H$2:$H$73)*('Fase de Grupos'!$H$2:$H$73>'Fase de Grupos'!$F$2:$F$73)) -> 2 | E11: =SUMPRODUCT(('Fase de Grupos'!$E$2:$E$73=$B11)*ISNUMBER('Fase de Grupos'!$F$2:$F$73)*ISNUMBER('Fase de Grupos'!$H$2:$H$73)*('Fase de Grupos'!$F$2:$F$73='Fase de Grupos'!$H$2:$H$73))+SUMPRODUCT(('Fase de Grupos'!$I$2:$I$73=$B11)*ISNUMBER('Fase de Grupos'!$F$2:$F$73)*ISNUMBER('Fase de Grupos'!$H$2:$H$73)*('Fase de Grupos'!$F$2:$F$73='Fase de Grupos'!$H$2:$H$73)) -> 1 | F11: =SUMPRODUCT(('Fase de Grupos'!$E$2:$E$73=$B11)*ISNUMBER('Fase de Grupos'!$F$2:$F$73)*ISNUMBER('Fase de Grupos'!$H$2:$H$73)*('Fase de Grupos'!$F$2:$F$73<'Fase de Grupos'!$H$2:$H$73))+SUMPRODUCT(('Fase de Grupos'!$I$2:$I$73=$B11)*ISNUMBER('Fase de Grupos'!$F$2:$F$73)*ISNUMBER('Fase de Grupos'!$H$2:$H$73)*('Fase de Grupos'!$H$2:$H$73<'Fase de Grupos'!$F$2:$F$73)) -> 0 | G11: =SUMPRODUCT(('Fase de Grupos'!$E$2:$E$73=$B11)*ISNUMBER('Fase de Grupos'!$F$2:$F$73)*ISNUMBER('Fase de Grupos'!$H$2:$H$73)*'Fase de Grupos'!$F$2:$F$73)+SUMPRODUCT(('Fase de Grupos'!$I$2:$I$73=$B11)*ISNUMBER('Fase de Grupos'!$F$2:$F$73)*ISNUMBER('Fase de Grupos'!$H$2:$H$73)*'Fase de Grupos'!$H$2:$H$73) -> 7 | H11: =SUMPRODUCT(('Fase de Grupos'!$E$2:$E$73=$B11)*ISNUMBER('Fase de Grupos'!$F$2:$F$73)*ISNUMBER('Fase de Grupos'!$H$2:$H$73)*'Fase de Grupos'!$H$2:$H$73)+SUMPRODUCT(('Fase de Grupos'!$I$2:$I$73=$B11)*ISNUMBER('Fase de Grupos'!$F$2:$F$73)*ISNUMBER('Fase de Grupos'!$H$2:$H$73)*'Fase de Grupos'!$F$2:$F$73) -> 3 | I11: =G11-H11 -> 4 | J11: =D11*3+E11 -> 7
A12: 3 | B12: Catar | C12: =SUMPRODUCT(('Fase de Grupos'!$E$2:$E$73=$B12)*ISNUMBER('Fase de Grupos'!$F$2:$F$73)*ISNUMBER('Fase de Grupos'!$H$2:$H$73))+SUMPRODUCT(('Fase de Grupos'!$I$2:$I$73=$B12)*ISNUMBER('Fase de Grupos'!$F$2:$F$73)*ISNUMBER('Fase de Grupos'!$H$2:$H$73)) -> 3 | D12: =SUMPRODUCT(('Fase de Grupos'!$E$2:$E$73=$B12)*ISNUMBER('Fase de Grupos'!$F$2:$F$73)*ISNUMBER('Fase de Grupos'!$H$2:$H$73)*('Fase de Grupos'!$F$2:$F$73>'Fase de Grupos'!$H$2:$H$73))+SUMPRODUCT(('Fase de Grupos'!$I$2:$I$73=$B12)*ISNUMBER('Fase de Grupos'!$F$2:$F$73)*ISNUMBER('Fase de Grupos'!$H$2:$H$73)*('Fase de Grupos'!$H$2:$H$73>'Fase de Grupos'!$F$2:$F$73)) -> 0 | E12: =SUMPRODUCT(('Fase de Grupos'!$E$2:$E$73=$B12)*ISNUMBER('Fase de Grupos'!$F$2:$F$73)*ISNUMBER('Fase de Grupos'!$H$2:$H$73)*('Fase de Grupos'!$F$2:$F$73='Fase de Grupos'!$H$2:$H$73))+SUMPRODUCT(('Fase de Grupos'!$I$2:$I$73=$B12)*ISNUMBER('Fase de Grupos'!$F$2:$F$73)*ISNUMBER('Fase de Grupos'!$H$2:$H$73)*('Fase de Grupos'!$F$2:$F$73='Fase de Grupos'!$H$2:$H$73)) -> 1 | F12: =SUMPRODUCT(('Fase de Grupos'!$E$2:$E$73=$B12)*ISNUMBER('Fase de Grupos'!$F$2:$F$73)*ISNUMBER('Fase de Grupos'!$H$2:$H$73)*('Fase de Grupos'!$F$2:$F$73<'Fase de Grupos'!$H$2:$H$73))+SUMPRODUCT(('Fase de Grupos'!$I$2:$I$73=$B12)*ISNUMBER('Fase de Grupos'!$F$2:$F$73)*ISNUMBER('Fase de Grupos'!$H$2:$H$73)*('Fase de Grupos'!$H$2:$H$73<'Fase de Grupos'!$F$2:$F$73)) -> 2 | G12: =SUMPRODUCT(('Fase de Grupos'!$E$2:$E$73=$B12)*ISNUMBER('Fase de Grupos'!$F$2:$F$73)*ISNUMBER('Fase de Grupos'!$H$2:$H$73)*'Fase de Grupos'!$F$2:$F$73)+SUMPRODUCT(('Fase de Grupos'!$I$2:$I$73=$B12)*ISNUMBER('Fase de Grupos'!$F$2:$F$73)*ISNUMBER('Fase de Grupos'!$H$2:$H$73)*'Fase de Grupos'!$H$2:$H$73) -> 2 | H12: =SUMPRODUCT(('Fase de Grupos'!$E$2:$E$73=$B12)*ISNUMBER('Fase de Grupos'!$F$2:$F$73)*ISNUMBER('Fase de Grupos'!$H$2:$H$73)*'Fase de Grupos'!$H$2:$H$73)+SUMPRODUCT(('Fase de Grupos'!$I$2:$I$73=$B12)*ISNUMBER('Fase de Grupos'!$F$2:$F$73)*ISNUMBER('Fase de Grupos'!$H$2:$H$73)*'Fase de Grupos'!$F$2:$F$73) -> 10 | I12: =G12-H12 -> -8 | J12: =D12*3+E12 -> 1
A13: 4 | B13: Bósnia e Herzegovina | C13: =SUMPRODUCT(('Fase de Grupos'!$E$2:$E$73=$B13)*ISNUMBER('Fase de Grupos'!$F$2:$F$73)*ISNUMBER('Fase de Grupos'!$H$2:$H$73))+SUMPRODUCT(('Fase de Grupos'!$I$2:$I$73=$B13)*ISNUMBER('Fase de Grupos'!$F$2:$F$73)*ISNUMBER('Fase de Grupos'!$H$2:$H$73)) -> 3 | D13: =SUMPRODUCT(('Fase de Grupos'!$E$2:$E$73=$B13)*ISNUMBER('Fase de Grupos'!$F$2:$F$73)*ISNUMBER('Fase de Grupos'!$H$2:$H$73)*('Fase de Grupos'!$F$2:$F$73>'Fase de Grupos'!$H$2:$H$73))+SUMPRODUCT(('Fase de Grupos'!$I$2:$I$73=$B13)*ISNUMBER('Fase de Grupos'!$F$2:$F$73)*ISNUMBER('Fase de Grupos'!$H$2:$H$73)*('Fase de Grupos'!$H$2:$H$73>'Fase de Grupos'!$F$2:$F$73)) -> 1 | E13: =SUMPRODUCT(('Fase de Grupos'!$E$2:$E$73=$B13)*ISNUMBER('Fase de Grupos'!$F$2:$F$73)*ISNUMBER('Fase de Grupos'!$H$2:$H$73)*('Fase de Grupos'!$F$2:$F$73='Fase de Grupos'!$H$2:$H$73))+SUMPRODUCT(('Fase de Grupos'!$I$2:$I$73=$B13)*ISNUMBER('Fase de Grupos'!$F$2:$F$73)*ISNUMBER('Fase de Grupos'!$H$2:$H$73)*('Fase de Grupos'!$F$2:$F$73='Fase de Grupos'!$H$2:$H$73)) -> 1 | F13: =SUMPRODUCT(('Fase de Grupos'!$E$2:$E$73=$B13)*ISNUMBER('Fase de Grupos'!$F$2:$F$73)*ISNUMBER('Fase de Grupos'!$H$2:$H$73)*('Fase de Grupos'!$F$2:$F$73<'Fase de Grupos'!$H$2:$H$73))+SUMPRODUCT(('Fase de Grupos'!$I$2:$I$73=$B13)*ISNUMBER('Fase de Grupos'!$F$2:$F$73)*ISNUMBER('Fase de Grupos'!$H$2:$H$73)*('Fase de Grupos'!$H$2:$H$73<'Fase de Grupos'!$F$2:$F$73)) -> 1 | G13: =SUMPRODUCT(('Fase de Grupos'!$E$2:$E$73=$B13)*ISNUMBER('Fase de Grupos'!$F$2:$F$73)*ISNUMBER('Fase de Grupos'!$H$2:$H$73)*'Fase de Grupos'!$F$2:$F$73)+SUMPRODUCT(('Fase de Grupos'!$I$2:$I$73=$B13)*ISNUMBER('Fase de Grupos'!$F$2:$F$73)*ISNUMBER('Fase de Grupos'!$H$2:$H$73)*'Fase de Grupos'!$H$2:$H$73) -> 5 | H13: =SUMPRODUCT(('Fase de Grupos'!$E$2:$E$73=$B13)*ISNUMBER('Fase de Grupos'!$F$2:$F$73)*ISNUMBER('Fase de Grupos'!$H$2:$H$73)*'Fase de Grupos'!$H$2:$H$73)+SUMPRODUCT(('Fase de Grupos'!$I$2:$I$73=$B13)*ISNUMBER('Fase de Grupos'!$F$2:$F$73)*ISNUMBER('Fase de Grupos'!$H$2:$H$73)*'Fase de Grupos'!$F$2:$F$73) -> 6 | I13: =G13-H13 -> -1 | J13: =D13*3+E13 -> 4
A15: Grupo C
A16: Pos | B16: Seleção | C16: J | D16: V | E16: E | F16: D | G16: GP | H16: GC | I16: SG | J16: PTS
A17: 1 | B17: Brasil | C17: =SUMPRODUCT(('Fase de Grupos'!$E$2:$E$73=$B17)*ISNUMBER('Fase de Grupos'!$F$2:$F$73)*ISNUMBER('Fase de Grupos'!$H$2:$H$73))+SUMPRODUCT(('Fase de Grupos'!$I$2:$I$73=$B17)*ISNUMBER('Fase de Grupos'!$F$2:$F$73)*ISNUMBER('Fase de Grupos'!$H$2:$H$73)) -> 3 | D17: =SUMPRODUCT(('Fase de Grupos'!$E$2:$E$73=$B17)*ISNUMBER('Fase de Grupos'!$F$2:$F$73)*ISNUMBER('Fase de Grupos'!$H$2:$H$73)*('Fase de Grupos'!$F$2:$F$73>'Fase de Grupos'!$H$2:$H$73))+SUMPRODUCT(('Fase de Grupos'!$I$2:$I$73=$B17)*ISNUMBER('Fase de Grupos'!$F$2:$F$73)*ISNUMBER('Fase de Grupos'!$H$2:$H$73)*('Fase de Grupos'!$H$2:$H$73>'Fase de Grupos'!$F$2:$F$73)) -> 2 | E17: =SUMPRODUCT(('Fase de Grupos'!$E$2:$E$73=$B17)*ISNUMBER('Fase de Grupos'!$F$2:$F$73)*ISNUMBER('Fase de Grupos'!$H$2:$H$73)*('Fase de Grupos'!$F$2:$F$73='Fase de Grupos'!$H$2:$H$73))+SUMPRODUCT(('Fase de Grupos'!$I$2:$I$73=$B17)*ISNUMBER('Fase de Grupos'!$F$2:$F$73)*ISNUMBER('Fase de Grupos'!$H$2:$H$73)*('Fase de Grupos'!$F$2:$F$73='Fase de Grupos'!$H$2:$H$73)) -> 1 | F17: =SUMPRODUCT(('Fase de Grupos'!$E$2:$E$73=$B17)*ISNUMBER('Fase de Grupos'!$F$2:$F$73)*ISNUMBER('Fase de Grupos'!$H$2:$H$73)*('Fase de Grupos'!$F$2:$F$73<'Fase de Grupos'!$H$2:$H$73))+SUMPRODUCT(('Fase de Grupos'!$I$2:$I$73=$B17)*ISNUMBER('Fase de Grupos'!$F$2:$F$73)*ISNUMBER('Fase de Grupos'!$H$2:$H$73)*('Fase de Grupos'!$H$2:$H$73<'Fase de Grupos'!$F$2:$F$73)) -> 0 | G17: =SUMPRODUCT(('Fase de Grupos'!$E$2:$E$73=$B17)*ISNUMBER('Fase de Grupos'!$F$2:$F$73)*ISNUMBER('Fase de Grupos'!$H$2:$H$73)*'Fase de Grupos'!$F$2:$F$73)+SUMPRODUCT(('Fase de Grupos'!$I$2:$I$73=$B17)*ISNUMBER('Fase de Grupos'!$F$2:$F$73)*ISNUMBER('Fase de Grupos'!$H$2:$H$73)*'Fase de Grupos'!$H$2:$H$73) -> 7 | H17: =SUMPRODUCT(('Fase de Grupos'!$E$2:$E$73=$B17)*ISNUMBER('Fase de Grupos'!$F$2:$F$73)*ISNUMBER('Fase de Grupos'!$H$2:$H$73)*'Fase de Grupos'!$H$2:$H$73)+SUMPRODUCT(('Fase de Grupos'!$I$2:$I$73=$B17)*ISNUMBER('Fase de Grupos'!$F$2:$F$73)*ISNUMBER('Fase de Grupos'!$H$2:$H$73)*'Fase de Grupos'!$F$2:$F$73) -> 1 | I17: =G17-H17 -> 6 | J17: =D17*3+E17 -> 7
A18: 2 | B18: Marrocos | C18: =SUMPRODUCT(('Fase de Grupos'!$E$2:$E$73=$B18)*ISNUMBER('Fase de Grupos'!$F$2:$F$73)*ISNUMBER('Fase de Grupos'!$H$2:$H$73))+SUMPRODUCT(('Fase de Grupos'!$I$2:$I$73=$B18)*ISNUMBER('Fase de Grupos'!$F$2:$F$73)*ISNUMBER('Fase de Grupos'!$H$2:$H$73)) -> 3 | D18: =SUMPRODUCT(('Fase de Grupos'!$E$2:$E$73=$B18)*ISNUMBER('Fase de Grupos'!$F$2:$F$73)*ISNUMBER('Fase de Grupos'!$H$2:$H$73)*('Fase de Grupos'!$F$2:$F$73>'Fase de Grupos'!$H$2:$H$73))+SUMPRODUCT(('Fase de Grupos'!$I$2:$I$73=$B18)*ISNUMBER('Fase de Grupos'!$F$2:$F$73)*ISNUMBER('Fase de Grupos'!$H$2:$H$73)*('Fase de Grupos'!$H$2:$H$73>'Fase de Grupos'!$F$2:$F$73)) -> 2 | E18: =SUMPRODUCT(('Fase de Grupos'!$E$2:$E$73=$B18)*ISNUMBER('Fase de Grupos'!$F$2:$F$73)*ISNUMBER('Fase de Grupos'!$H$2:$H$73)*('Fase de Grupos'!$F$2:$F$73='Fase de Grupos'!$H$2:$H$73))+SUMPRODUCT(('Fase de Grupos'!$I$2:$I$73=$B18)*ISNUMBER('Fase de Grupos'!$F$2:$F$73)*ISNUMBER('Fase de Grupos'!$H$2:$H$73)*('Fase de Grupos'!$F$2:$F$73='Fase de Grupos'!$H$2:$H$73)) -> 1 | F18: =SUMPRODUCT(('Fase de Grupos'!$E$2:$E$73=$B18)*ISNUMBER('Fase de Grupos'!$F$2:$F$73)*ISNUMBER('Fase de Grupos'!$H$2:$H$73)*('Fase de Grupos'!$F$2:$F$73<'Fase de Grupos'!$H$2:$H$73))+SUMPRODUCT(('Fase de Grupos'!$I$2:$I$73=$B18)*ISNUMBER('Fase de Grupos'!$F$2:$F$73)*ISNUMBER('Fase de Grupos'!$H$2:$H$73)*('Fase de Grupos'!$H$2:$H$73<'Fase de Grupos'!$F$2:$F$73)) -> 0 | G18: =SUMPRODUCT(('Fase de Grupos'!$E$2:$E$73=$B18)*ISNUMBER('Fase de Grupos'!$F$2:$F$73)*ISNUMBER('Fase de Grupos'!$H$2:$H$73)*'Fase de Grupos'!$F$2:$F$73)+SUMPRODUCT(('Fase de Grupos'!$I$2:$I$73=$B18)*ISNUMBER('Fase de Grupos'!$F$2:$F$73)*ISNUMBER('Fase de Grupos'!$H$2:$H$73)*'Fase de Grupos'!$H$2:$H$73) -> 6 | H18: =SUMPRODUCT(('Fase de Grupos'!$E$2:$E$73=$B18)*ISNUMBER('Fase de Grupos'!$F$2:$F$73)*ISNUMBER('Fase de Grupos'!$H$2:$H$73)*'Fase de Grupos'!$H$2:$H$73)+SUMPRODUCT(('Fase de Grupos'!$I$2:$I$73=$B18)*ISNUMBER('Fase de Grupos'!$F$2:$F$73)*ISNUMBER('Fase de Grupos'!$H$2:$H$73)*'Fase de Grupos'!$F$2:$F$73) -> 3 | I18: =G18-H18 -> 3 | J18: =D18*3+E18 -> 7
A19: 3 | B19: Haiti | C19: =SUMPRODUCT(('Fase de Grupos'!$E$2:$E$73=$B19)*ISNUMBER('Fase de Grupos'!$F$2:$F$73)*ISNUMBER('Fase de Grupos'!$H$2:$H$73))+SUMPRODUCT(('Fase de Grupos'!$I$2:$I$73=$B19)*ISNUMBER('Fase de Grupos'!$F$2:$F$73)*ISNUMBER('Fase de Grupos'!$H$2:$H$73)) -> 3 | D19: =SUMPRODUCT(('Fase de Grupos'!$E$2:$E$73=$B19)*ISNUMBER('Fase de Grupos'!$F$2:$F$73)*ISNUMBER('Fase de Grupos'!$H$2:$H$73)*('Fase de Grupos'!$F$2:$F$73>'Fase de Grupos'!$H$2:$H$73))+SUMPRODUCT(('Fase de Grupos'!$I$2:$I$73=$B19)*ISNUMBER('Fase de Grupos'!$F$2:$F$73)*ISNUMBER('Fase de Grupos'!$H$2:$H$73)*('Fase de Grupos'!$H$2:$H$73>'Fase de Grupos'!$F$2:$F$73)) -> 0 | E19: =SUMPRODUCT(('Fase de Grupos'!$E$2:$E$73=$B19)*ISNUMBER('Fase de Grupos'!$F$2:$F$73)*ISNUMBER('Fase de Grupos'!$H$2:$H$73)*('Fase de Grupos'!$F$2:$F$73='Fase de Grupos'!$H$2:$H$73))+SUMPRODUCT(('Fase de Grupos'!$I$2:$I$73=$B19)*ISNUMBER('Fase de Grupos'!$F$2:$F$73)*ISNUMBER('Fase de Grupos'!$H$2:$H$73)*('Fase de Grupos'!$F$2:$F$73='Fase de Grupos'!$H$2:$H$73)) -> 0 | F19: =SUMPRODUCT(('Fase de Grupos'!$E$2:$E$73=$B19)*ISNUMBER('Fase de Grupos'!$F$2:$F$73)*ISNUMBER('Fase de Grupos'!$H$2:$H$73)*('Fase de Grupos'!$F$2:$F$73<'Fase de Grupos'!$H$2:$H$73))+SUMPRODUCT(('Fase de Grupos'!$I$2:$I$73=$B19)*ISNUMBER('Fase de Grupos'!$F$2:$F$73)*ISNUMBER('Fase de Grupos'!$H$2:$H$73)*('Fase de Grupos'!$H$2:$H$73<'Fase de Grupos'!$F$2:$F$73)) -> 3 | G19: =SUMPRODUCT(('Fase de Grupos'!$E$2:$E$73=$B19)*ISNUMBER('Fase de Grupos'!$F$2:$F$73)*ISNUMBER('Fase de Grupos'!$H$2:$H$73)*'Fase de Grupos'!$F$2:$F$73)+SUMPRODUCT(('Fase de Grupos'!$I$2:$I$73=$B19)*ISNUMBER('Fase de Grupos'!$F$2:$F$73)*ISNUMBER('Fase de Grupos'!$H$2:$H$73)*'Fase de Grupos'!$H$2:$H$73) -> 2 | H19: =SUMPRODUCT(('Fase de Grupos'!$E$2:$E$73=$B19)*ISNUMBER('Fase de Grupos'!$F$2:$F$73)*ISNUMBER('Fase de Grupos'!$H$2:$H$73)*'Fase de Grupos'!$H$2:$H$73)+SUMPRODUCT(('Fase de Grupos'!$I$2:$I$73=$B19)*ISNUMBER('Fase de Grupos'!$F$2:$F$73)*ISNUMBER('Fase de Grupos'!$H$2:$H$73)*'Fase de Grupos'!$F$2:$F$73) -> 8 | I19: =G19-H19 -> -6 | J19: =D19*3+E19 -> 0
A20: 4 | B20: Escócia | C20: =SUMPRODUCT(('Fase de Grupos'!$E$2:$E$73=$B20)*ISNUMBER('Fase de Grupos'!$F$2:$F$73)*ISNUMBER('Fase de Grupos'!$H$2:$H$73))+SUMPRODUCT(('Fase de Grupos'!$I$2:$I$73=$B20)*ISNUMBER('Fase de Grupos'!$F$2:$F$73)*ISNUMBER('Fase de Grupos'!$H$2:$H$73)) -> 3 | D20: =SUMPRODUCT(('Fase de Grupos'!$E$2:$E$73=$B20)*ISNUMBER('Fase de Grupos'!$F$2:$F$73)*ISNUMBER('Fase de Grupos'!$H$2:$H$73)*('Fase de Grupos'!$F$2:$F$73>'Fase de Grupos'!$H$2:$H$73))+SUMPRODUCT(('Fase de Grupos'!$I$2:$I$73=$B20)*ISNUMBER('Fase de Grupos'!$F$2:$F$73)*ISNUMBER('Fase de Grupos'!$H$2:$H$73)*('Fase de Grupos'!$H$2:$H$73>'Fase de Grupos'!$F$2:$F$73)) -> 1 | E20: =SUMPRODUCT(('Fase de Grupos'!$E$2:$E$73=$B20)*ISNUMBER('Fase de Grupos'!$F$2:$F$73)*ISNUMBER('Fase de Grupos'!$H$2:$H$73)*('Fase de Grupos'!$F$2:$F$73='Fase de Grupos'!$H$2:$H$73))+SUMPRODUCT(('Fase de Grupos'!$I$2:$I$73=$B20)*ISNUMBER('Fase de Grupos'!$F$2:$F$73)*ISNUMBER('Fase de Grupos'!$H$2:$H$73)*('Fase de Grupos'!$F$2:$F$73='Fase de Grupos'!$H$2:$H$73)) -> 0 | F20: =SUMPRODUCT(('Fase de Grupos'!$E$2:$E$73=$B20)*ISNUMBER('Fase de Grupos'!$F$2:$F$73)*ISNUMBER('Fase de Grupos'!$H$2:$H$73)*('Fase de Grupos'!$F$2:$F$73<'Fase de Grupos'!$H$2:$H$73))+SUMPRODUCT(('Fase de Grupos'!$I$2:$I$73=$B20)*ISNUMBER('Fase de Grupos'!$F$2:$F$73)*ISNUMBER('Fase de Grupos'!$H$2:$H$73)*('Fase de Grupos'!$H$2:$H$73<'Fase de Grupos'!$F$2:$F$73)) -> 2 | G20: =SUMPRODUCT(('Fase de Grupos'!$E$2:$E$73=$B20)*ISNUMBER('Fase de Grupos'!$F$2:$F$73)*ISNUMBER('Fase de Grupos'!$H$2:$H$73)*'Fase de Grupos'!$F$2:$F$73)+SUMPRODUCT(('Fase de Grupos'!$I$2:$I$73=$B20)*ISNUMBER('Fase de Grupos'!$F$2:$F$73)*ISNUMBER('Fase de Grupos'!$H$2:$H$73)*'Fase de Grupos'!$H$2:$H$73) -> 1 | H20: =SUMPRODUCT(('Fase de Grupos'!$E$2:$E$73=$B20)*ISNUMBER('Fase de Grupos'!$F$2:$F$73)*ISNUMBER('Fase de Grupos'!$H$2:$H$73)*'Fase de Grupos'!$H$2:$H$73)+SUMPRODUCT(('Fase de Grupos'!$I$2:$I$73=$B20)*ISNUMBER('Fase de Grupos'!$F$2:$F$73)*ISNUMBER('Fase de Grupos'!$H$2:$H$73)*'Fase de Grupos'!$F$2:$F$73) -> 4 | I20: =G20-H20 -> -3 | J20: =D20*3+E20 -> 3
A22: Grupo D
A23: Pos | B23: Seleção | C23: J | D23: V | E23: E | F23: D | G23: GP | H23: GC | I23: SG | J23: PTS
A24: 1 | B24: EUA | C24: =SUMPRODUCT(('Fase de Grupos'!$E$2:$E$73=$B24)*ISNUMBER('Fase de Grupos'!$F$2:$F$73)*ISNUMBER('Fase de Grupos'!$H$2:$H$73))+SUMPRODUCT(('Fase de Grupos'!$I$2:$I$73=$B24)*ISNUMBER('Fase de Grupos'!$F$2:$F$73)*ISNUMBER('Fase de Grupos'!$H$2:$H$73)) -> 3 | D24: =SUMPRODUCT(('Fase de Grupos'!$E$2:$E$73=$B24)*ISNUMBER('Fase de Grupos'!$F$2:$F$73)*ISNUMBER('Fase de Grupos'!$H$2:$H$73)*('Fase de Grupos'!$F$2:$F$73>'Fase de Grupos'!$H$2:$H$73))+SUMPRODUCT(('Fase de Grupos'!$I$2:$I$73=$B24)*ISNUMBER('Fase de Grupos'!$F$2:$F$73)*ISNUMBER('Fase de Grupos'!$H$2:$H$73)*('Fase de Grupos'!$H$2:$H$73>'Fase de Grupos'!$F$2:$F$73)) -> 2 | E24: =SUMPRODUCT(('Fase de Grupos'!$E$2:$E$73=$B24)*ISNUMBER('Fase de Grupos'!$F$2:$F$73)*ISNUMBER('Fase de Grupos'!$H$2:$H$73)*('Fase de Grupos'!$F$2:$F$73='Fase de Grupos'!$H$2:$H$73))+SUMPRODUCT(('Fase de Grupos'!$I$2:$I$73=$B24)*ISNUMBER('Fase de Grupos'!$F$2:$F$73)*ISNUMBER('Fase de Grupos'!$H$2:$H$73)*('Fase de Grupos'!$F$2:$F$73='Fase de Grupos'!$H$2:$H$73)) -> 0 | F24: =SUMPRODUCT(('Fase de Grupos'!$E$2:$E$73=$B24)*ISNUMBER('Fase de Grupos'!$F$2:$F$73)*ISNUMBER('Fase de Grupos'!$H$2:$H$73)*('Fase de Grupos'!$F$2:$F$73<'Fase de Grupos'!$H$2:$H$73))+SUMPRODUCT(('Fase de Grupos'!$I$2:$I$73=$B24)*ISNUMBER('Fase de Grupos'!$F$2:$F$73)*ISNUMBER('Fase de Grupos'!$H$2:$H$73)*('Fase de Grupos'!$H$2:$H$73<'Fase de Grupos'!$F$2:$F$73)) -> 1 | G24: =SUMPRODUCT(('Fase de Grupos'!$E$2:$E$73=$B24)*ISNUMBER('Fase de Grupos'!$F$2:$F$73)*ISNUMBER('Fase de Grupos'!$H$2:$H$73)*'Fase de Grupos'!$F$2:$F$73)+SUMPRODUCT(('Fase de Grupos'!$I$2:$I$73=$B24)*ISNUMBER('Fase de Grupos'!$F$2:$F$73)*ISNUMBER('Fase de Grupos'!$H$2:$H$73)*'Fase de Grupos'!$H$2:$H$73) -> 8 | H24: =SUMPRODUCT(('Fase de Grupos'!$E$2:$E$73=$B24)*ISNUMBER('Fase de Grupos'!$F$2:$F$73)*ISNUMBER('Fase de Grupos'!$H$2:$H$73)*'Fase de Grupos'!$H$2:$H$73)+SUMPRODUCT(('Fase de Grupos'!$I$2:$I$73=$B24)*ISNUMBER('Fase de Grupos'!$F$2:$F$73)*ISNUMBER('Fase de Grupos'!$H$2:$H$73)*'Fase de Grupos'!$F$2:$F$73) -> 4 | I24: =G24-H24 -> 4 | J24: =D24*3+E24 -> 6
A25: 2 | B25: Paraguai | C25: =SUMPRODUCT(('Fase de Grupos'!$E$2:$E$73=$B25)*ISNUMBER('Fase de Grupos'!$F$2:$F$73)*ISNUMBER('Fase de Grupos'!$H$2:$H$73))+SUMPRODUCT(('Fase de Grupos'!$I$2:$I$73=$B25)*ISNUMBER('Fase de Grupos'!$F$2:$F$73)*ISNUMBER('Fase de Grupos'!$H$2:$H$73)) -> 3 | D25: =SUMPRODUCT(('Fase de Grupos'!$E$2:$E$73=$B25)*ISNUMBER('Fase de Grupos'!$F$2:$F$73)*ISNUMBER('Fase de Grupos'!$H$2:$H$73)*('Fase de Grupos'!$F$2:$F$73>'Fase de Grupos'!$H$2:$H$73))+SUMPRODUCT(('Fase de Grupos'!$I$2:$I$73=$B25)*ISNUMBER('Fase de Grupos'!$F$2:$F$73)*ISNUMBER('Fase de Grupos'!$H$2:$H$73)*('Fase de Grupos'!$H$2:$H$73>'Fase de Grupos'!$F$2:$F$73)) -> 1 | E25: =SUMPRODUCT(('Fase de Grupos'!$E$2:$E$73=$B25)*ISNUMBER('Fase de Grupos'!$F$2:$F$73)*ISNUMBER('Fase de Grupos'!$H$2:$H$73)*('Fase de Grupos'!$F$2:$F$73='Fase de Grupos'!$H$2:$H$73))+SUMPRODUCT(('Fase de Grupos'!$I$2:$I$73=$B25)*ISNUMBER('Fase de Grupos'!$F$2:$F$73)*ISNUMBER('Fase de Grupos'!$H$2:$H$73)*('Fase de Grupos'!$F$2:$F$73='Fase de Grupos'!$H$2:$H$73)) -> 1 | F25: =SUMPRODUCT(('Fase de Grupos'!$E$2:$E$73=$B25)*ISNUMBER('Fase de Grupos'!$F$2:$F$73)*ISNUMBER('Fase de Grupos'!$H$2:$H$73)*('Fase de Grupos'!$F$2:$F$73<'Fase de Grupos'!$H$2:$H$73))+SUMPRODUCT(('Fase de Grupos'!$I$2:$I$73=$B25)*ISNUMBER('Fase de Grupos'!$F$2:$F$73)*ISNUMBER('Fase de Grupos'!$H$2:$H$73)*('Fase de Grupos'!$H$2:$H$73<'Fase de Grupos'!$F$2:$F$73)) -> 1 | G25: =SUMPRODUCT(('Fase de Grupos'!$E$2:$E$73=$B25)*ISNUMBER('Fase de Grupos'!$F$2:$F$73)*ISNUMBER('Fase de Grupos'!$H$2:$H$73)*'Fase de Grupos'!$F$2:$F$73)+SUMPRODUCT(('Fase de Grupos'!$I$2:$I$73=$B25)*ISNUMBER('Fase de Grupos'!$F$2:$F$73)*ISNUMBER('Fase de Grupos'!$H$2:$H$73)*'Fase de Grupos'!$H$2:$H$73) -> 2 | H25: =SUMPRODUCT(('Fase de Grupos'!$E$2:$E$73=$B25)*ISNUMBER('Fase de Grupos'!$F$2:$F$73)*ISNUMBER('Fase de Grupos'!$H$2:$H$73)*'Fase de Grupos'!$H$2:$H$73)+SUMPRODUCT(('Fase de Grupos'!$I$2:$I$73=$B25)*ISNUMBER('Fase de Grupos'!$F$2:$F$73)*ISNUMBER('Fase de Grupos'!$H$2:$H$73)*'Fase de Grupos'!$F$2:$F$73) -> 4 | I25: =G25-H25 -> -2 | J25: =D25*3+E25 -> 4
A26: 3 | B26: Austrália | C26: =SUMPRODUCT(('Fase de Grupos'!$E$2:$E$73=$B26)*ISNUMBER('Fase de Grupos'!$F$2:$F$73)*ISNUMBER('Fase de Grupos'!$H$2:$H$73))+SUMPRODUCT(('Fase de Grupos'!$I$2:$I$73=$B26)*ISNUMBER('Fase de Grupos'!$F$2:$F$73)*ISNUMBER('Fase de Grupos'!$H$2:$H$73)) -> 3 | D26: =SUMPRODUCT(('Fase de Grupos'!$E$2:$E$73=$B26)*ISNUMBER('Fase de Grupos'!$F$2:$F$73)*ISNUMBER('Fase de Grupos'!$H$2:$H$73)*('Fase de Grupos'!$F$2:$F$73>'Fase de Grupos'!$H$2:$H$73))+SUMPRODUCT(('Fase de Grupos'!$I$2:$I$73=$B26)*ISNUMBER('Fase de Grupos'!$F$2:$F$73)*ISNUMBER('Fase de Grupos'!$H$2:$H$73)*('Fase de Grupos'!$H$2:$H$73>'Fase de Grupos'!$F$2:$F$73)) -> 1 | E26: =SUMPRODUCT(('Fase de Grupos'!$E$2:$E$73=$B26)*ISNUMBER('Fase de Grupos'!$F$2:$F$73)*ISNUMBER('Fase de Grupos'!$H$2:$H$73)*('Fase de Grupos'!$F$2:$F$73='Fase de Grupos'!$H$2:$H$73))+SUMPRODUCT(('Fase de Grupos'!$I$2:$I$73=$B26)*ISNUMBER('Fase de Grupos'!$F$2:$F$73)*ISNUMBER('Fase de Grupos'!$H$2:$H$73)*('Fase de Grupos'!$F$2:$F$73='Fase de Grupos'!$H$2:$H$73)) -> 1 | F26: =SUMPRODUCT(('Fase de Grupos'!$E$2:$E$73=$B26)*ISNUMBER('Fase de Grupos'!$F$2:$F$73)*ISNUMBER('Fase de Grupos'!$H$2:$H$73)*('Fase de Grupos'!$F$2:$F$73<'Fase de Grupos'!$H$2:$H$73))+SUMPRODUCT(('Fase de Grupos'!$I$2:$I$73=$B26)*ISNUMBER('Fase de Grupos'!$F$2:$F$73)*ISNUMBER('Fase de Grupos'!$H$2:$H$73)*('Fase de Grupos'!$H$2:$H$73<'Fase de Grupos'!$F$2:$F$73)) -> 1 | G26: =SUMPRODUCT(('Fase de Grupos'!$E$2:$E$73=$B26)*ISNUMBER('Fase de Grupos'!$F$2:$F$73)*ISNUMBER('Fase de Grupos'!$H$2:$H$73)*'Fase de Grupos'!$F$2:$F$73)+SUMPRODUCT(('Fase de Grupos'!$I$2:$I$73=$B26)*ISNUMBER('Fase de Grupos'!$F$2:$F$73)*ISNUMBER('Fase de Grupos'!$H$2:$H$73)*'Fase de Grupos'!$H$2:$H$73) -> 2 | H26: =SUMPRODUCT(('Fase de Grupos'!$E$2:$E$73=$B26)*ISNUMBER('Fase de Grupos'!$F$2:$F$73)*ISNUMBER('Fase de Grupos'!$H$2:$H$73)*'Fase de Grupos'!$H$2:$H$73)+SUMPRODUCT(('Fase de Grupos'!$I$2:$I$73=$B26)*ISNUMBER('Fase de Grupos'!$F$2:$F$73)*ISNUMBER('Fase de Grupos'!$H$2:$H$73)*'Fase de Grupos'!$F$2:$F$73) -> 2 | I26: =G26-H26 -> 0 | J26: =D26*3+E26 -> 4
A27: 4 | B27: Turquia | C27: =SUMPRODUCT(('Fase de Grupos'!$E$2:$E$73=$B27)*ISNUMBER('Fase de Grupos'!$F$2:$F$73)*ISNUMBER('Fase de Grupos'!$H$2:$H$73))+SUMPRODUCT(('Fase de Grupos'!$I$2:$I$73=$B27)*ISNUMBER('Fase de Grupos'!$F$2:$F$73)*ISNUMBER('Fase de Grupos'!$H$2:$H$73)) -> 3 | D27: =SUMPRODUCT(('Fase de Grupos'!$E$2:$E$73=$B27)*ISNUMBER('Fase de Grupos'!$F$2:$F$73)*ISNUMBER('Fase de Grupos'!$H$2:$H$73)*('Fase de Grupos'!$F$2:$F$73>'Fase de Grupos'!$H$2:$H$73))+SUMPRODUCT(('Fase de Grupos'!$I$2:$I$73=$B27)*ISNUMBER('Fase de Grupos'!$F$2:$F$73)*ISNUMBER('Fase de Grupos'!$H$2:$H$73)*('Fase de Grupos'!$H$2:$H$73>'Fase de Grupos'!$F$2:$F$73)) -> 1 | E27: =SUMPRODUCT(('Fase de Grupos'!$E$2:$E$73=$B27)*ISNUMBER('Fase de Grupos'!$F$2:$F$73)*ISNUMBER('Fase de Grupos'!$H$2:$H$73)*('Fase de Grupos'!$F$2:$F$73='Fase de Grupos'!$H$2:$H$73))+SUMPRODUCT(('Fase de Grupos'!$I$2:$I$73=$B27)*ISNUMBER('Fase de Grupos'!$F$2:$F$73)*ISNUMBER('Fase de Grupos'!$H$2:$H$73)*('Fase de Grupos'!$F$2:$F$73='Fase de Grupos'!$H$2:$H$73)) -> 0 | F27: =SUMPRODUCT(('Fase de Grupos'!$E$2:$E$73=$B27)*ISNUMBER('Fase de Grupos'!$F$2:$F$73)*ISNUMBER('Fase de Grupos'!$H$2:$H$73)*('Fase de Grupos'!$F$2:$F$73<'Fase de Grupos'!$H$2:$H$73))+SUMPRODUCT(('Fase de Grupos'!$I$2:$I$73=$B27)*ISNUMBER('Fase de Grupos'!$F$2:$F$73)*ISNUMBER('Fase de Grupos'!$H$2:$H$73)*('Fase de Grupos'!$H$2:$H$73<'Fase de Grupos'!$F$2:$F$73)) -> 2 | G27: =SUMPRODUCT(('Fase de Grupos'!$E$2:$E$73=$B27)*ISNUMBER('Fase de Grupos'!$F$2:$F$73)*ISNUMBER('Fase de Grupos'!$H$2:$H$73)*'Fase de Grupos'!$F$2:$F$73)+SUMPRODUCT(('Fase de Grupos'!$I$2:$I$73=$B27)*ISNUMBER('Fase de Grupos'!$F$2:$F$73)*ISNUMBER('Fase de Grupos'!$H$2:$H$73)*'Fase de Grupos'!$H$2:$H$73) -> 3 | H27: =SUMPRODUCT(('Fase de Grupos'!$E$2:$E$73=$B27)*ISNUMBER('Fase de Grupos'!$F$2:$F$73)*ISNUMBER('Fase de Grupos'!$H$2:$H$73)*'Fase de Grupos'!$H$2:$H$73)+SUMPRODUCT(('Fase de Grupos'!$I$2:$I$73=$B27)*ISNUMBER('Fase de Grupos'!$F$2:$F$73)*ISNUMBER('Fase de Grupos'!$H$2:$H$73)*'Fase de Grupos'!$F$2:$F$73) -> 5 | I27: =G27-H27 -> -2 | J27: =D27*3+E27 -> 3
A29: Grupo E
A30: Pos | B30: Seleção | C30: J | D30: V | E30: E | F30: D | G30: GP | H30: GC | I30: SG | J30: PTS
A31: 1 | B31: Alemanha | C31: =SUMPRODUCT(('Fase de Grupos'!$E$2:$E$73=$B31)*ISNUMBER('Fase de Grupos'!$F$2:$F$73)*ISNUMBER('Fase de Grupos'!$H$2:$H$73))+SUMPRODUCT(('Fase de Grupos'!$I$2:$I$73=$B31)*ISNUMBER('Fase de Grupos'!$F$2:$F$73)*ISNUMBER('Fase de Grupos'!$H$2:$H$73)) -> 3 | D31: =SUMPRODUCT(('Fase de Grupos'!$E$2:$E$73=$B31)*ISNUMBER('Fase de Grupos'!$F$2:$F$73)*ISNUMBER('Fase de Grupos'!$H$2:$H$73)*('Fase de Grupos'!$F$2:$F$73>'Fase de Grupos'!$H$2:$H$73))+SUMPRODUCT(('Fase de Grupos'!$I$2:$I$73=$B31)*ISNUMBER('Fase de Grupos'!$F$2:$F$73)*ISNUMBER('Fase de Grupos'!$H$2:$H$73)*('Fase de Grupos'!$H$2:$H$73>'Fase de Grupos'!$F$2:$F$73)) -> 2 | E31: =SUMPRODUCT(('Fase de Grupos'!$E$2:$E$73=$B31)*ISNUMBER('Fase de Grupos'!$F$2:$F$73)*ISNUMBER('Fase de Grupos'!$H$2:$H$73)*('Fase de Grupos'!$F$2:$F$73='Fase de Grupos'!$H$2:$H$73))+SUMPRODUCT(('Fase de Grupos'!$I$2:$I$73=$B31)*ISNUMBER('Fase de Grupos'!$F$2:$F$73)*ISNUMBER('Fase de Grupos'!$H$2:$H$73)*('Fase de Grupos'!$F$2:$F$73='Fase de Grupos'!$H$2:$H$73)) -> 0 | F31: =SUMPRODUCT(('Fase de Grupos'!$E$2:$E$73=$B31)*ISNUMBER('Fase de Grupos'!$F$2:$F$73)*ISNUMBER('Fase de Grupos'!$H$2:$H$73)*('Fase de Grupos'!$F$2:$F$73<'Fase de Grupos'!$H$2:$H$73))+SUMPRODUCT(('Fase de Grupos'!$I$2:$I$73=$B31)*ISNUMBER('Fase de Grupos'!$F$2:$F$73)*ISNUMBER('Fase de Grupos'!$H$2:$H$73)*('Fase de Grupos'!$H$2:$H$73<'Fase de Grupos'!$F$2:$F$73)) -> 1 | G31: =SUMPRODUCT(('Fase de Grupos'!$E$2:$E$73=$B31)*ISNUMBER('Fase de Grupos'!$F$2:$F$73)*ISNUMBER('Fase de Grupos'!$H$2:$H$73)*'Fase de Grupos'!$F$2:$F$73)+SUMPRODUCT(('Fase de Grupos'!$I$2:$I$73=$B31)*ISNUMBER('Fase de Grupos'!$F$2:$F$73)*ISNUMBER('Fase de Grupos'!$H$2:$H$73)*'Fase de Grupos'!$H$2:$H$73) -> 10 | H31: =SUMPRODUCT(('Fase de Grupos'!$E$2:$E$73=$B31)*ISNUMBER('Fase de Grupos'!$F$2:$F$73)*ISNUMBER('Fase de Grupos'!$H$2:$H$73)*'Fase de Grupos'!$H$2:$H$73)+SUMPRODUCT(('Fase de Grupos'!$I$2:$I$73=$B31)*ISNUMBER('Fase de Grupos'!$F$2:$F$73)*ISNUMBER('Fase de Grupos'!$H$2:$H$73)*'Fase de Grupos'!$F$2:$F$73) -> 4 | I31: =G31-H31 -> 6 | J31: =D31*3+E31 -> 6
A32: 2 | B32: Curaçao | C32: =SUMPRODUCT(('Fase de Grupos'!$E$2:$E$73=$B32)*ISNUMBER('Fase de Grupos'!$F$2:$F$73)*ISNUMBER('Fase de Grupos'!$H$2:$H$73))+SUMPRODUCT(('Fase de Grupos'!$I$2:$I$73=$B32)*ISNUMBER('Fase de Grupos'!$F$2:$F$73)*ISNUMBER('Fase de Grupos'!$H$2:$H$73)) -> 3 | D32: =SUMPRODUCT(('Fase de Grupos'!$E$2:$E$73=$B32)*ISNUMBER('Fase de Grupos'!$F$2:$F$73)*ISNUMBER('Fase de Grupos'!$H$2:$H$73)*('Fase de Grupos'!$F$2:$F$73>'Fase de Grupos'!$H$2:$H$73))+SUMPRODUCT(('Fase de Grupos'!$I$2:$I$73=$B32)*ISNUMBER('Fase de Grupos'!$F$2:$F$73)*ISNUMBER('Fase de Grupos'!$H$2:$H$73)*('Fase de Grupos'!$H$2:$H$73>'Fase de Grupos'!$F$2:$F$73)) -> 0 | E32: =SUMPRODUCT(('Fase de Grupos'!$E$2:$E$73=$B32)*ISNUMBER('Fase de Grupos'!$F$2:$F$73)*ISNUMBER('Fase de Grupos'!$H$2:$H$73)*('Fase de Grupos'!$F$2:$F$73='Fase de Grupos'!$H$2:$H$73))+SUMPRODUCT(('Fase de Grupos'!$I$2:$I$73=$B32)*ISNUMBER('Fase de Grupos'!$F$2:$F$73)*ISNUMBER('Fase de Grupos'!$H$2:$H$73)*('Fase de Grupos'!$F$2:$F$73='Fase de Grupos'!$H$2:$H$73)) -> 1 | F32: =SUMPRODUCT(('Fase de Grupos'!$E$2:$E$73=$B32)*ISNUMBER('Fase de Grupos'!$F$2:$F$73)*ISNUMBER('Fase de Grupos'!$H$2:$H$73)*('Fase de Grupos'!$F$2:$F$73<'Fase de Grupos'!$H$2:$H$73))+SUMPRODUCT(('Fase de Grupos'!$I$2:$I$73=$B32)*ISNUMBER('Fase de Grupos'!$F$2:$F$73)*ISNUMBER('Fase de Grupos'!$H$2:$H$73)*('Fase de Grupos'!$H$2:$H$73<'Fase de Grupos'!$F$2:$F$73)) -> 2 | G32: =SUMPRODUCT(('Fase de Grupos'!$E$2:$E$73=$B32)*ISNUMBER('Fase de Grupos'!$F$2:$F$73)*ISNUMBER('Fase de Grupos'!$H$2:$H$73)*'Fase de Grupos'!$F$2:$F$73)+SUMPRODUCT(('Fase de Grupos'!$I$2:$I$73=$B32)*ISNUMBER('Fase de Grupos'!$F$2:$F$73)*ISNUMBER('Fase de Grupos'!$H$2:$H$73)*'Fase de Grupos'!$H$2:$H$73) -> 1 | H32: =SUMPRODUCT(('Fase de Grupos'!$E$2:$E$73=$B32)*ISNUMBER('Fase de Grupos'!$F$2:$F$73)*ISNUMBER('Fase de Grupos'!$H$2:$H$73)*'Fase de Grupos'!$H$2:$H$73)+SUMPRODUCT(('Fase de Grupos'!$I$2:$I$73=$B32)*ISNUMBER('Fase de Grupos'!$F$2:$F$73)*ISNUMBER('Fase de Grupos'!$H$2:$H$73)*'Fase de Grupos'!$F$2:$F$73) -> 9 | I32: =G32-H32 -> -8 | J32: =D32*3+E32 -> 1
A33: 3 | B33: Costa do Marfim | C33: =SUMPRODUCT(('Fase de Grupos'!$E$2:$E$73=$B33)*ISNUMBER('Fase de Grupos'!$F$2:$F$73)*ISNUMBER('Fase de Grupos'!$H$2:$H$73))+SUMPRODUCT(('Fase de Grupos'!$I$2:$I$73=$B33)*ISNUMBER('Fase de Grupos'!$F$2:$F$73)*ISNUMBER('Fase de Grupos'!$H$2:$H$73)) -> 3 | D33: =SUMPRODUCT(('Fase de Grupos'!$E$2:$E$73=$B33)*ISNUMBER('Fase de Grupos'!$F$2:$F$73)*ISNUMBER('Fase de Grupos'!$H$2:$H$73)*('Fase de Grupos'!$F$2:$F$73>'Fase de Grupos'!$H$2:$H$73))+SUMPRODUCT(('Fase de Grupos'!$I$2:$I$73=$B33)*ISNUMBER('Fase de Grupos'!$F$2:$F$73)*ISNUMBER('Fase de Grupos'!$H$2:$H$73)*('Fase de Grupos'!$H$2:$H$73>'Fase de Grupos'!$F$2:$F$73)) -> 2 | E33: =SUMPRODUCT(('Fase de Grupos'!$E$2:$E$73=$B33)*ISNUMBER('Fase de Grupos'!$F$2:$F$73)*ISNUMBER('Fase de Grupos'!$H$2:$H$73)*('Fase de Grupos'!$F$2:$F$73='Fase de Grupos'!$H$2:$H$73))+SUMPRODUCT(('Fase de Grupos'!$I$2:$I$73=$B33)*ISNUMBER('Fase de Grupos'!$F$2:$F$73)*ISNUMBER('Fase de Grupos'!$H$2:$H$73)*('Fase de Grupos'!$F$2:$F$73='Fase de Grupos'!$H$2:$H$73)) -> 0 | F33: =SUMPRODUCT(('Fase de Grupos'!$E$2:$E$73=$B33)*ISNUMBER('Fase de Grupos'!$F$2:$F$73)*ISNUMBER('Fase de Grupos'!$H$2:$H$73)*('Fase de Grupos'!$F$2:$F$73<'Fase de Grupos'!$H$2:$H$73))+SUMPRODUCT(('Fase de Grupos'!$I$2:$I$73=$B33)*ISNUMBER('Fase de Grupos'!$F$2:$F$73)*ISNUMBER('Fase de Grupos'!$H$2:$H$73)*('Fase de Grupos'!$H$2:$H$73<'Fase de Grupos'!$F$2:$F$73)) -> 1 | G33: =SUMPRODUCT(('Fase de Grupos'!$E$2:$E$73=$B33)*ISNUMBER('Fase de Grupos'!$F$2:$F$73)*ISNUMBER('Fase de Grupos'!$H$2:$H$73)*'Fase de Grupos'!$F$2:$F$73)+SUMPRODUCT(('Fase de Grupos'!$I$2:$I$73=$B33)*ISNUMBER('Fase de Grupos'!$F$2:$F$73)*ISNUMBER('Fase de Grupos'!$H$2:$H$73)*'Fase de Grupos'!$H$2:$H$73) -> 4 | H33: =SUMPRODUCT(('Fase de Grupos'!$E$2:$E$73=$B33)*ISNUMBER('Fase de Grupos'!$F$2:$F$73)*ISNUMBER('Fase de Grupos'!$H$2:$H$73)*'Fase de Grupos'!$H$2:$H$73)+SUMPRODUCT(('Fase de Grupos'!$I$2:$I$73=$B33)*ISNUMBER('Fase de Grupos'!$F$2:$F$73)*ISNUMBER('Fase de Grupos'!$H$2:$H$73)*'Fase de Grupos'!$F$2:$F$73) -> 2 | I33: =G33-H33 -> 2 | J33: =D33*3+E33 -> 6
A34: 4 | B34: Equador | C34: =SUMPRODUCT(('Fase de Grupos'!$E$2:$E$73=$B34)*ISNUMBER('Fase de Grupos'!$F$2:$F$73)*ISNUMBER('Fase de Grupos'!$H$2:$H$73))+SUMPRODUCT(('Fase de Grupos'!$I$2:$I$73=$B34)*ISNUMBER('Fase de Grupos'!$F$2:$F$73)*ISNUMBER('Fase de Grupos'!$H$2:$H$73)) -> 3 | D34: =SUMPRODUCT(('Fase de Grupos'!$E$2:$E$73=$B34)*ISNUMBER('Fase de Grupos'!$F$2:$F$73)*ISNUMBER('Fase de Grupos'!$H$2:$H$73)*('Fase de Grupos'!$F$2:$F$73>'Fase de Grupos'!$H$2:$H$73))+SUMPRODUCT(('Fase de Grupos'!$I$2:$I$73=$B34)*ISNUMBER('Fase de Grupos'!$F$2:$F$73)*ISNUMBER('Fase de Grupos'!$H$2:$H$73)*('Fase de Grupos'!$H$2:$H$73>'Fase de Grupos'!$F$2:$F$73)) -> 1 | E34: =SUMPRODUCT(('Fase de Grupos'!$E$2:$E$73=$B34)*ISNUMBER('Fase de Grupos'!$F$2:$F$73)*ISNUMBER('Fase de Grupos'!$H$2:$H$73)*('Fase de Grupos'!$F$2:$F$73='Fase de Grupos'!$H$2:$H$73))+SUMPRODUCT(('Fase de Grupos'!$I$2:$I$73=$B34)*ISNUMBER('Fase de Grupos'!$F$2:$F$73)*ISNUMBER('Fase de Grupos'!$H$2:$H$73)*('Fase de Grupos'!$F$2:$F$73='Fase de Grupos'!$H$2:$H$73)) -> 1 | F34: =SUMPRODUCT(('Fase de Grupos'!$E$2:$E$73=$B34)*ISNUMBER('Fase de Grupos'!$F$2:$F$73)*ISNUMBER('Fase de Grupos'!$H$2:$H$73)*('Fase de Grupos'!$F$2:$F$73<'Fase de Grupos'!$H$2:$H$73))+SUMPRODUCT(('Fase de Grupos'!$I$2:$I$73=$B34)*ISNUMBER('Fase de Grupos'!$F$2:$F$73)*ISNUMBER('Fase de Grupos'!$H$2:$H$73)*('Fase de Grupos'!$H$2:$H$73<'Fase de Grupos'!$F$2:$F$73)) -> 1 | G34: =SUMPRODUCT(('Fase de Grupos'!$E$2:$E$73=$B34)*ISNUMBER('Fase de Grupos'!$F$2:$F$73)*ISNUMBER('Fase de Grupos'!$H$2:$H$73)*'Fase de Grupos'!$F$2:$F$73)+SUMPRODUCT(('Fase de Grupos'!$I$2:$I$73=$B34)*ISNUMBER('Fase de Grupos'!$F$2:$F$73)*ISNUMBER('Fase de Grupos'!$H$2:$H$73)*'Fase de Grupos'!$H$2:$H$73) -> 2 | H34: =SUMPRODUCT(('Fase de Grupos'!$E$2:$E$73=$B34)*ISNUMBER('Fase de Grupos'!$F$2:$F$73)*ISNUMBER('Fase de Grupos'!$H$2:$H$73)*'Fase de Grupos'!$H$2:$H$73)+SUMPRODUCT(('Fase de Grupos'!$I$2:$I$73=$B34)*ISNUMBER('Fase de Grupos'!$F$2:$F$73)*ISNUMBER('Fase de Grupos'!$H$2:$H$73)*'Fase de Grupos'!$F$2:$F$73) -> 2 | I34: =G34-H34 -> 0 | J34: =D34*3+E34 -> 4
A36: Grupo F
A37: Pos | B37: Seleção | C37: J | D37: V | E37: E | F37: D | G37: GP | H37: GC | I37: SG | J37: PTS
A38: 1 | B38: Holanda | C38: =SUMPRODUCT(('Fase de Grupos'!$E$2:$E$73=$B38)*ISNUMBER('Fase de Grupos'!$F$2:$F$73)*ISNUMBER('Fase de Grupos'!$H$2:$H$73))+SUMPRODUCT(('Fase de Grupos'!$I$2:$I$73=$B38)*ISNUMBER('Fase de Grupos'!$F$2:$F$73)*ISNUMBER('Fase de Grupos'!$H$2:$H$73)) -> 3 | D38: =SUMPRODUCT(('Fase de Grupos'!$E$2:$E$73=$B38)*ISNUMBER('Fase de Grupos'!$F$2:$F$73)*ISNUMBER('Fase de Grupos'!$H$2:$H$73)*('Fase de Grupos'!$F$2:$F$73>'Fase de Grupos'!$H$2:$H$73))+SUMPRODUCT(('Fase de Grupos'!$I$2:$I$73=$B38)*ISNUMBER('Fase de Grupos'!$F$2:$F$73)*ISNUMBER('Fase de Grupos'!$H$2:$H$73)*('Fase de Grupos'!$H$2:$H$73>'Fase de Grupos'!$F$2:$F$73)) -> 2 | E38: =SUMPRODUCT(('Fase de Grupos'!$E$2:$E$73=$B38)*ISNUMBER('Fase de Grupos'!$F$2:$F$73)*ISNUMBER('Fase de Grupos'!$H$2:$H$73)*('Fase de Grupos'!$F$2:$F$73='Fase de Grupos'!$H$2:$H$73))+SUMPRODUCT(('Fase de Grupos'!$I$2:$I$73=$B38)*ISNUMBER('Fase de Grupos'!$F$2:$F$73)*ISNUMBER('Fase de Grupos'!$H$2:$H$73)*('Fase de Grupos'!$F$2:$F$73='Fase de Grupos'!$H$2:$H$73)) -> 1 | F38: =SUMPRODUCT(('Fase de Grupos'!$E$2:$E$73=$B38)*ISNUMBER('Fase de Grupos'!$F$2:$F$73)*ISNUMBER('Fase de Grupos'!$H$2:$H$73)*('Fase de Grupos'!$F$2:$F$73<'Fase de Grupos'!$H$2:$H$73))+SUMPRODUCT(('Fase de Grupos'!$I$2:$I$73=$B38)*ISNUMBER('Fase de Grupos'!$F$2:$F$73)*ISNUMBER('Fase de Grupos'!$H$2:$H$73)*('Fase de Grupos'!$H$2:$H$73<'Fase de Grupos'!$F$2:$F$73)) -> 0 | G38: =SUMPRODUCT(('Fase de Grupos'!$E$2:$E$73=$B38)*ISNUMBER('Fase de Grupos'!$F$2:$F$73)*ISNUMBER('Fase de Grupos'!$H$2:$H$73)*'Fase de Grupos'!$F$2:$F$73)+SUMPRODUCT(('Fase de Grupos'!$I$2:$I$73=$B38)*ISNUMBER('Fase de Grupos'!$F$2:$F$73)*ISNUMBER('Fase de Grupos'!$H$2:$H$73)*'Fase de Grupos'!$H$2:$H$73) -> 10 | H38: =SUMPRODUCT(('Fase de Grupos'!$E$2:$E$73=$B38)*ISNUMBER('Fase de Grupos'!$F$2:$F$73)*ISNUMBER('Fase de Grupos'!$H$2:$H$73)*'Fase de Grupos'!$H$2:$H$73)+SUMPRODUCT(('Fase de Grupos'!$I$2:$I$73=$B38)*ISNUMBER('Fase de Grupos'!$F$2:$F$73)*ISNUMBER('Fase de Grupos'!$H$2:$H$73)*'Fase de Grupos'!$F$2:$F$73) -> 4 | I38: =G38-H38 -> 6 | J38: =D38*3+E38 -> 7
A39: 2 | B39: Japão | C39: =SUMPRODUCT(('Fase de Grupos'!$E$2:$E$73=$B39)*ISNUMBER('Fase de Grupos'!$F$2:$F$73)*ISNUMBER('Fase de Grupos'!$H$2:$H$73))+SUMPRODUCT(('Fase de Grupos'!$I$2:$I$73=$B39)*ISNUMBER('Fase de Grupos'!$F$2:$F$73)*ISNUMBER('Fase de Grupos'!$H$2:$H$73)) -> 3 | D39: =SUMPRODUCT(('Fase de Grupos'!$E$2:$E$73=$B39)*ISNUMBER('Fase de Grupos'!$F$2:$F$73)*ISNUMBER('Fase de Grupos'!$H$2:$H$73)*('Fase de Grupos'!$F$2:$F$73>'Fase de Grupos'!$H$2:$H$73))+SUMPRODUCT(('Fase de Grupos'!$I$2:$I$73=$B39)*ISNUMBER('Fase de Grupos'!$F$2:$F$73)*ISNUMBER('Fase de Grupos'!$H$2:$H$73)*('Fase de Grupos'!$H$2:$H$73>'Fase de Grupos'!$F$2:$F$73)) -> 1 | E39: =SUMPRODUCT(('Fase de Grupos'!$E$2:$E$73=$B39)*ISNUMBER('Fase de Grupos'!$F$2:$F$73)*ISNUMBER('Fase de Grupos'!$H$2:$H$73)*('Fase de Grupos'!$F$2:$F$73='Fase de Grupos'!$H$2:$H$73))+SUMPRODUCT(('Fase de Grupos'!$I$2:$I$73=$B39)*ISNUMBER('Fase de Grupos'!$F$2:$F$73)*ISNUMBER('Fase de Grupos'!$H$2:$H$73)*('Fase de Grupos'!$F$2:$F$73='Fase de Grupos'!$H$2:$H$73)) -> 2 | F39: =SUMPRODUCT(('Fase de Grupos'!$E$2:$E$73=$B39)*ISNUMBER('Fase de Grupos'!$F$2:$F$73)*ISNUMBER('Fase de Grupos'!$H$2:$H$73)*('Fase de Grupos'!$F$2:$F$73<'Fase de Grupos'!$H$2:$H$73))+SUMPRODUCT(('Fase de Grupos'!$I$2:$I$73=$B39)*ISNUMBER('Fase de Grupos'!$F$2:$F$73)*ISNUMBER('Fase de Grupos'!$H$2:$H$73)*('Fase de Grupos'!$H$2:$H$73<'Fase de Grupos'!$F$2:$F$73)) -> 0 | G39: =SUMPRODUCT(('Fase de Grupos'!$E$2:$E$73=$B39)*ISNUMBER('Fase de Grupos'!$F$2:$F$73)*ISNUMBER('Fase de Grupos'!$H$2:$H$73)*'Fase de Grupos'!$F$2:$F$73)+SUMPRODUCT(('Fase de Grupos'!$I$2:$I$73=$B39)*ISNUMBER('Fase de Grupos'!$F$2:$F$73)*ISNUMBER('Fase de Grupos'!$H$2:$H$73)*'Fase de Grupos'!$H$2:$H$73) -> 7 | H39: =SUMPRODUCT(('Fase de Grupos'!$E$2:$E$73=$B39)*ISNUMBER('Fase de Grupos'!$F$2:$F$73)*ISNUMBER('Fase de Grupos'!$H$2:$H$73)*'Fase de Grupos'!$H$2:$H$73)+SUMPRODUCT(('Fase de Grupos'!$I$2:$I$73=$B39)*ISNUMBER('Fase de Grupos'!$F$2:$F$73)*ISNUMBER('Fase de Grupos'!$H$2:$H$73)*'Fase de Grupos'!$F$2:$F$73) -> 3 | I39: =G39-H39 -> 4 | J39: =D39*3+E39 -> 5
A40: 3 | B40: Tunísia | C40: =SUMPRODUCT(('Fase de Grupos'!$E$2:$E$73=$B40)*ISNUMBER('Fase de Grupos'!$F$2:$F$73)*ISNUMBER('Fase de Grupos'!$H$2:$H$73))+SUMPRODUCT(('Fase de Grupos'!$I$2:$I$73=$B40)*ISNUMBER('Fase de Grupos'!$F$2:$F$73)*ISNUMBER('Fase de Grupos'!$H$2:$H$73)) -> 3 | D40: =SUMPRODUCT(('Fase de Grupos'!$E$2:$E$73=$B40)*ISNUMBER('Fase de Grupos'!$F$2:$F$73)*ISNUMBER('Fase de Grupos'!$H$2:$H$73)*('Fase de Grupos'!$F$2:$F$73>'Fase de Grupos'!$H$2:$H$73))+SUMPRODUCT(('Fase de Grupos'!$I$2:$I$73=$B40)*ISNUMBER('Fase de Grupos'!$F$2:$F$73)*ISNUMBER('Fase de Grupos'!$H$2:$H$73)*('Fase de Grupos'!$H$2:$H$73>'Fase de Grupos'!$F$2:$F$73)) -> 0 | E40: =SUMPRODUCT(('Fase de Grupos'!$E$2:$E$73=$B40)*ISNUMBER('Fase de Grupos'!$F$2:$F$73)*ISNUMBER('Fase de Grupos'!$H$2:$H$73)*('Fase de Grupos'!$F$2:$F$73='Fase de Grupos'!$H$2:$H$73))+SUMPRODUCT(('Fase de Grupos'!$I$2:$I$73=$B40)*ISNUMBER('Fase de Grupos'!$F$2:$F$73)*ISNUMBER('Fase de Grupos'!$H$2:$H$73)*('Fase de Grupos'!$F$2:$F$73='Fase de Grupos'!$H$2:$H$73)) -> 0 | F40: =SUMPRODUCT(('Fase de Grupos'!$E$2:$E$73=$B40)*ISNUMBER('Fase de Grupos'!$F$2:$F$73)*ISNUMBER('Fase de Grupos'!$H$2:$H$73)*('Fase de Grupos'!$F$2:$F$73<'Fase de Grupos'!$H$2:$H$73))+SUMPRODUCT(('Fase de Grupos'!$I$2:$I$73=$B40)*ISNUMBER('Fase de Grupos'!$F$2:$F$73)*ISNUMBER('Fase de Grupos'!$H$2:$H$73)*('Fase de Grupos'!$H$2:$H$73<'Fase de Grupos'!$F$2:$F$73)) -> 3 | G40: =SUMPRODUCT(('Fase de Grupos'!$E$2:$E$73=$B40)*ISNUMBER('Fase de Grupos'!$F$2:$F$73)*ISNUMBER('Fase de Grupos'!$H$2:$H$73)*'Fase de Grupos'!$F$2:$F$73)+SUMPRODUCT(('Fase de Grupos'!$I$2:$I$73=$B40)*ISNUMBER('Fase de Grupos'!$F$2:$F$73)*ISNUMBER('Fase de Grupos'!$H$2:$H$73)*'Fase de Grupos'!$H$2:$H$73) -> 2 | H40: =SUMPRODUCT(('Fase de Grupos'!$E$2:$E$73=$B40)*ISNUMBER('Fase de Grupos'!$F$2:$F$73)*ISNUMBER('Fase de Grupos'!$H$2:$H$73)*'Fase de Grupos'!$H$2:$H$73)+SUMPRODUCT(('Fase de Grupos'!$I$2:$I$73=$B40)*ISNUMBER('Fase de Grupos'!$F$2:$F$73)*ISNUMBER('Fase de Grupos'!$H$2:$H$73)*'Fase de Grupos'!$F$2:$F$73) -> 12 | I40: =G40-H40 -> -10 | J40: =D40*3+E40 -> 0
A41: 4 | B41: Suécia | C41: =SUMPRODUCT(('Fase de Grupos'!$E$2:$E$73=$B41)*ISNUMBER('Fase de Grupos'!$F$2:$F$73)*ISNUMBER('Fase de Grupos'!$H$2:$H$73))+SUMPRODUCT(('Fase de Grupos'!$I$2:$I$73=$B41)*ISNUMBER('Fase de Grupos'!$F$2:$F$73)*ISNUMBER('Fase de Grupos'!$H$2:$H$73)) -> 3 | D41: =SUMPRODUCT(('Fase de Grupos'!$E$2:$E$73=$B41)*ISNUMBER('Fase de Grupos'!$F$2:$F$73)*ISNUMBER('Fase de Grupos'!$H$2:$H$73)*('Fase de Grupos'!$F$2:$F$73>'Fase de Grupos'!$H$2:$H$73))+SUMPRODUCT(('Fase de Grupos'!$I$2:$I$73=$B41)*ISNUMBER('Fase de Grupos'!$F$2:$F$73)*ISNUMBER('Fase de Grupos'!$H$2:$H$73)*('Fase de Grupos'!$H$2:$H$73>'Fase de Grupos'!$F$2:$F$73)) -> 1 | E41: =SUMPRODUCT(('Fase de Grupos'!$E$2:$E$73=$B41)*ISNUMBER('Fase de Grupos'!$F$2:$F$73)*ISNUMBER('Fase de Grupos'!$H$2:$H$73)*('Fase de Grupos'!$F$2:$F$73='Fase de Grupos'!$H$2:$H$73))+SUMPRODUCT(('Fase de Grupos'!$I$2:$I$73=$B41)*ISNUMBER('Fase de Grupos'!$F$2:$F$73)*ISNUMBER('Fase de Grupos'!$H$2:$H$73)*('Fase de Grupos'!$F$2:$F$73='Fase de Grupos'!$H$2:$H$73)) -> 1 | F41: =SUMPRODUCT(('Fase de Grupos'!$E$2:$E$73=$B41)*ISNUMBER('Fase de Grupos'!$F$2:$F$73)*ISNUMBER('Fase de Grupos'!$H$2:$H$73)*('Fase de Grupos'!$F$2:$F$73<'Fase de Grupos'!$H$2:$H$73))+SUMPRODUCT(('Fase de Grupos'!$I$2:$I$73=$B41)*ISNUMBER('Fase de Grupos'!$F$2:$F$73)*ISNUMBER('Fase de Grupos'!$H$2:$H$73)*('Fase de Grupos'!$H$2:$H$73<'Fase de Grupos'!$F$2:$F$73)) -> 1 | G41: =SUMPRODUCT(('Fase de Grupos'!$E$2:$E$73=$B41)*ISNUMBER('Fase de Grupos'!$F$2:$F$73)*ISNUMBER('Fase de Grupos'!$H$2:$H$73)*'Fase de Grupos'!$F$2:$F$73)+SUMPRODUCT(('Fase de Grupos'!$I$2:$I$73=$B41)*ISNUMBER('Fase de Grupos'!$F$2:$F$73)*ISNUMBER('Fase de Grupos'!$H$2:$H$73)*'Fase de Grupos'!$H$2:$H$73) -> 7 | H41: =SUMPRODUCT(('Fase de Grupos'!$E$2:$E$73=$B41)*ISNUMBER('Fase de Grupos'!$F$2:$F$73)*ISNUMBER('Fase de Grupos'!$H$2:$H$73)*'Fase de Grupos'!$H$2:$H$73)+SUMPRODUCT(('Fase de Grupos'!$I$2:$I$73=$B41)*ISNUMBER('Fase de Grupos'!$F$2:$F$73)*ISNUMBER('Fase de Grupos'!$H$2:$H$73)*'Fase de Grupos'!$F$2:$F$73) -> 7 | I41: =G41-H41 -> 0 | J41: =D41*3+E41 -> 4
A43: Grupo G
A44: Pos | B44: Seleção | C44: J | D44: V | E44: E | F44: D | G44: GP | H44: GC | I44: SG | J44: PTS
A45: 1 | B45: Bélgica | C45: =SUMPRODUCT(('Fase de Grupos'!$E$2:$E$73=$B45)*ISNUMBER('Fase de Grupos'!$F$2:$F$73)*ISNUMBER('Fase de Grupos'!$H$2:$H$73))+SUMPRODUCT(('Fase de Grupos'!$I$2:$I$73=$B45)*ISNUMBER('Fase de Grupos'!$F$2:$F$73)*ISNUMBER('Fase de Grupos'!$H$2:$H$73)) -> 3 | D45: =SUMPRODUCT(('Fase de Grupos'!$E$2:$E$73=$B45)*ISNUMBER('Fase de Grupos'!$F$2:$F$73)*ISNUMBER('Fase de Grupos'!$H$2:$H$73)*('Fase de Grupos'!$F$2:$F$73>'Fase de Grupos'!$H$2:$H$73))+SUMPRODUCT(('Fase de Grupos'!$I$2:$I$73=$B45)*ISNUMBER('Fase de Grupos'!$F$2:$F$73)*ISNUMBER('Fase de Grupos'!$H$2:$H$73)*('Fase de Grupos'!$H$2:$H$73>'Fase de Grupos'!$F$2:$F$73)) -> 1 | E45: =SUMPRODUCT(('Fase de Grupos'!$E$2:$E$73=$B45)*ISNUMBER('Fase de Grupos'!$F$2:$F$73)*ISNUMBER('Fase de Grupos'!$H$2:$H$73)*('Fase de Grupos'!$F$2:$F$73='Fase de Grupos'!$H$2:$H$73))+SUMPRODUCT(('Fase de Grupos'!$I$2:$I$73=$B45)*ISNUMBER('Fase de Grupos'!$F$2:$F$73)*ISNUMBER('Fase de Grupos'!$H$2:$H$73)*('Fase de Grupos'!$F$2:$F$73='Fase de Grupos'!$H$2:$H$73)) -> 2 | F45: =SUMPRODUCT(('Fase de Grupos'!$E$2:$E$73=$B45)*ISNUMBER('Fase de Grupos'!$F$2:$F$73)*ISNUMBER('Fase de Grupos'!$H$2:$H$73)*('Fase de Grupos'!$F$2:$F$73<'Fase de Grupos'!$H$2:$H$73))+SUMPRODUCT(('Fase de Grupos'!$I$2:$I$73=$B45)*ISNUMBER('Fase de Grupos'!$F$2:$F$73)*ISNUMBER('Fase de Grupos'!$H$2:$H$73)*('Fase de Grupos'!$H$2:$H$73<'Fase de Grupos'!$F$2:$F$73)) -> 0 | G45: =SUMPRODUCT(('Fase de Grupos'!$E$2:$E$73=$B45)*ISNUMBER('Fase de Grupos'!$F$2:$F$73)*ISNUMBER('Fase de Grupos'!$H$2:$H$73)*'Fase de Grupos'!$F$2:$F$73)+SUMPRODUCT(('Fase de Grupos'!$I$2:$I$73=$B45)*ISNUMBER('Fase de Grupos'!$F$2:$F$73)*ISNUMBER('Fase de Grupos'!$H$2:$H$73)*'Fase de Grupos'!$H$2:$H$73) -> 6 | H45: =SUMPRODUCT(('Fase de Grupos'!$E$2:$E$73=$B45)*ISNUMBER('Fase de Grupos'!$F$2:$F$73)*ISNUMBER('Fase de Grupos'!$H$2:$H$73)*'Fase de Grupos'!$H$2:$H$73)+SUMPRODUCT(('Fase de Grupos'!$I$2:$I$73=$B45)*ISNUMBER('Fase de Grupos'!$F$2:$F$73)*ISNUMBER('Fase de Grupos'!$H$2:$H$73)*'Fase de Grupos'!$F$2:$F$73) -> 2 | I45: =G45-H45 -> 4 | J45: =D45*3+E45 -> 5
A46: 2 | B46: Egito | C46: =SUMPRODUCT(('Fase de Grupos'!$E$2:$E$73=$B46)*ISNUMBER('Fase de Grupos'!$F$2:$F$73)*ISNUMBER('Fase de Grupos'!$H$2:$H$73))+SUMPRODUCT(('Fase de Grupos'!$I$2:$I$73=$B46)*ISNUMBER('Fase de Grupos'!$F$2:$F$73)*ISNUMBER('Fase de Grupos'!$H$2:$H$73)) -> 3 | D46: =SUMPRODUCT(('Fase de Grupos'!$E$2:$E$73=$B46)*ISNUMBER('Fase de Grupos'!$F$2:$F$73)*ISNUMBER('Fase de Grupos'!$H$2:$H$73)*('Fase de Grupos'!$F$2:$F$73>'Fase de Grupos'!$H$2:$H$73))+SUMPRODUCT(('Fase de Grupos'!$I$2:$I$73=$B46)*ISNUMBER('Fase de Grupos'!$F$2:$F$73)*ISNUMBER('Fase de Grupos'!$H$2:$H$73)*('Fase de Grupos'!$H$2:$H$73>'Fase de Grupos'!$F$2:$F$73)) -> 1 | E46: =SUMPRODUCT(('Fase de Grupos'!$E$2:$E$73=$B46)*ISNUMBER('Fase de Grupos'!$F$2:$F$73)*ISNUMBER('Fase de Grupos'!$H$2:$H$73)*('Fase de Grupos'!$F$2:$F$73='Fase de Grupos'!$H$2:$H$73))+SUMPRODUCT(('Fase de Grupos'!$I$2:$I$73=$B46)*ISNUMBER('Fase de Grupos'!$F$2:$F$73)*ISNUMBER('Fase de Grupos'!$H$2:$H$73)*('Fase de Grupos'!$F$2:$F$73='Fase de Grupos'!$H$2:$H$73)) -> 2 | F46: =SUMPRODUCT(('Fase de Grupos'!$E$2:$E$73=$B46)*ISNUMBER('Fase de Grupos'!$F$2:$F$73)*ISNUMBER('Fase de Grupos'!$H$2:$H$73)*('Fase de Grupos'!$F$2:$F$73<'Fase de Grupos'!$H$2:$H$73))+SUMPRODUCT(('Fase de Grupos'!$I$2:$I$73=$B46)*ISNUMBER('Fase de Grupos'!$F$2:$F$73)*ISNUMBER('Fase de Grupos'!$H$2:$H$73)*('Fase de Grupos'!$H$2:$H$73<'Fase de Grupos'!$F$2:$F$73)) -> 0 | G46: =SUMPRODUCT(('Fase de Grupos'!$E$2:$E$73=$B46)*ISNUMBER('Fase de Grupos'!$F$2:$F$73)*ISNUMBER('Fase de Grupos'!$H$2:$H$73)*'Fase de Grupos'!$F$2:$F$73)+SUMPRODUCT(('Fase de Grupos'!$I$2:$I$73=$B46)*ISNUMBER('Fase de Grupos'!$F$2:$F$73)*ISNUMBER('Fase de Grupos'!$H$2:$H$73)*'Fase de Grupos'!$H$2:$H$73) -> 5 | H46: =SUMPRODUCT(('Fase de Grupos'!$E$2:$E$73=$B46)*ISNUMBER('Fase de Grupos'!$F$2:$F$73)*ISNUMBER('Fase de Grupos'!$H$2:$H$73)*'Fase de Grupos'!$H$2:$H$73)+SUMPRODUCT(('Fase de Grupos'!$I$2:$I$73=$B46)*ISNUMBER('Fase de Grupos'!$F$2:$F$73)*ISNUMBER('Fase de Grupos'!$H$2:$H$73)*'Fase de Grupos'!$F$2:$F$73) -> 3 | I46: =G46-H46 -> 2 | J46: =D46*3+E46 -> 5
A47: 3 | B47: Irã | C47: =SUMPRODUCT(('Fase de Grupos'!$E$2:$E$73=$B47)*ISNUMBER('Fase de Grupos'!$F$2:$F$73)*ISNUMBER('Fase de Grupos'!$H$2:$H$73))+SUMPRODUCT(('Fase de Grupos'!$I$2:$I$73=$B47)*ISNUMBER('Fase de Grupos'!$F$2:$F$73)*ISNUMBER('Fase de Grupos'!$H$2:$H$73)) -> 3 | D47: =SUMPRODUCT(('Fase de Grupos'!$E$2:$E$73=$B47)*ISNUMBER('Fase de Grupos'!$F$2:$F$73)*ISNUMBER('Fase de Grupos'!$H$2:$H$73)*('Fase de Grupos'!$F$2:$F$73>'Fase de Grupos'!$H$2:$H$73))+SUMPRODUCT(('Fase de Grupos'!$I$2:$I$73=$B47)*ISNUMBER('Fase de Grupos'!$F$2:$F$73)*ISNUMBER('Fase de Grupos'!$H$2:$H$73)*('Fase de Grupos'!$H$2:$H$73>'Fase de Grupos'!$F$2:$F$73)) -> 0 | E47: =SUMPRODUCT(('Fase de Grupos'!$E$2:$E$73=$B47)*ISNUMBER('Fase de Grupos'!$F$2:$F$73)*ISNUMBER('Fase de Grupos'!$H$2:$H$73)*('Fase de Grupos'!$F$2:$F$73='Fase de Grupos'!$H$2:$H$73))+SUMPRODUCT(('Fase de Grupos'!$I$2:$I$73=$B47)*ISNUMBER('Fase de Grupos'!$F$2:$F$73)*ISNUMBER('Fase de Grupos'!$H$2:$H$73)*('Fase de Grupos'!$F$2:$F$73='Fase de Grupos'!$H$2:$H$73)) -> 3 | F47: =SUMPRODUCT(('Fase de Grupos'!$E$2:$E$73=$B47)*ISNUMBER('Fase de Grupos'!$F$2:$F$73)*ISNUMBER('Fase de Grupos'!$H$2:$H$73)*('Fase de Grupos'!$F$2:$F$73<'Fase de Grupos'!$H$2:$H$73))+SUMPRODUCT(('Fase de Grupos'!$I$2:$I$73=$B47)*ISNUMBER('Fase de Grupos'!$F$2:$F$73)*ISNUMBER('Fase de Grupos'!$H$2:$H$73)*('Fase de Grupos'!$H$2:$H$73<'Fase de Grupos'!$F$2:$F$73)) -> 0 | G47: =SUMPRODUCT(('Fase de Grupos'!$E$2:$E$73=$B47)*ISNUMBER('Fase de Grupos'!$F$2:$F$73)*ISNUMBER('Fase de Grupos'!$H$2:$H$73)*'Fase de Grupos'!$F$2:$F$73)+SUMPRODUCT(('Fase de Grupos'!$I$2:$I$73=$B47)*ISNUMBER('Fase de Grupos'!$F$2:$F$73)*ISNUMBER('Fase de Grupos'!$H$2:$H$73)*'Fase de Grupos'!$H$2:$H$73) -> 3 | H47: =SUMPRODUCT(('Fase de Grupos'!$E$2:$E$73=$B47)*ISNUMBER('Fase de Grupos'!$F$2:$F$73)*ISNUMBER('Fase de Grupos'!$H$2:$H$73)*'Fase de Grupos'!$H$2:$H$73)+SUMPRODUCT(('Fase de Grupos'!$I$2:$I$73=$B47)*ISNUMBER('Fase de Grupos'!$F$2:$F$73)*ISNUMBER('Fase de Grupos'!$H$2:$H$73)*'Fase de Grupos'!$F$2:$F$73) -> 3 | I47: =G47-H47 -> 0 | J47: =D47*3+E47 -> 3
A48: 4 | B48: Nova Zelândia | C48: =SUMPRODUCT(('Fase de Grupos'!$E$2:$E$73=$B48)*ISNUMBER('Fase de Grupos'!$F$2:$F$73)*ISNUMBER('Fase de Grupos'!$H$2:$H$73))+SUMPRODUCT(('Fase de Grupos'!$I$2:$I$73=$B48)*ISNUMBER('Fase de Grupos'!$F$2:$F$73)*ISNUMBER('Fase de Grupos'!$H$2:$H$73)) -> 3 | D48: =SUMPRODUCT(('Fase de Grupos'!$E$2:$E$73=$B48)*ISNUMBER('Fase de Grupos'!$F$2:$F$73)*ISNUMBER('Fase de Grupos'!$H$2:$H$73)*('Fase de Grupos'!$F$2:$F$73>'Fase de Grupos'!$H$2:$H$73))+SUMPRODUCT(('Fase de Grupos'!$I$2:$I$73=$B48)*ISNUMBER('Fase de Grupos'!$F$2:$F$73)*ISNUMBER('Fase de Grupos'!$H$2:$H$73)*('Fase de Grupos'!$H$2:$H$73>'Fase de Grupos'!$F$2:$F$73)) -> 0 | E48: =SUMPRODUCT(('Fase de Grupos'!$E$2:$E$73=$B48)*ISNUMBER('Fase de Grupos'!$F$2:$F$73)*ISNUMBER('Fase de Grupos'!$H$2:$H$73)*('Fase de Grupos'!$F$2:$F$73='Fase de Grupos'!$H$2:$H$73))+SUMPRODUCT(('Fase de Grupos'!$I$2:$I$73=$B48)*ISNUMBER('Fase de Grupos'!$F$2:$F$73)*ISNUMBER('Fase de Grupos'!$H$2:$H$73)*('Fase de Grupos'!$F$2:$F$73='Fase de Grupos'!$H$2:$H$73)) -> 1 | F48: =SUMPRODUCT(('Fase de Grupos'!$E$2:$E$73=$B48)*ISNUMBER('Fase de Grupos'!$F$2:$F$73)*ISNUMBER('Fase de Grupos'!$H$2:$H$73)*('Fase de Grupos'!$F$2:$F$73<'Fase de Grupos'!$H$2:$H$73))+SUMPRODUCT(('Fase de Grupos'!$I$2:$I$73=$B48)*ISNUMBER('Fase de Grupos'!$F$2:$F$73)*ISNUMBER('Fase de Grupos'!$H$2:$H$73)*('Fase de Grupos'!$H$2:$H$73<'Fase de Grupos'!$F$2:$F$73)) -> 2 | G48: =SUMPRODUCT(('Fase de Grupos'!$E$2:$E$73=$B48)*ISNUMBER('Fase de Grupos'!$F$2:$F$73)*ISNUMBER('Fase de Grupos'!$H$2:$H$73)*'Fase de Grupos'!$F$2:$F$73)+SUMPRODUCT(('Fase de Grupos'!$I$2:$I$73=$B48)*ISNUMBER('Fase de Grupos'!$F$2:$F$73)*ISNUMBER('Fase de Grupos'!$H$2:$H$73)*'Fase de Grupos'!$H$2:$H$73) -> 4 | H48: =SUMPRODUCT(('Fase de Grupos'!$E$2:$E$73=$B48)*ISNUMBER('Fase de Grupos'!$F$2:$F$73)*ISNUMBER('Fase de Grupos'!$H$2:$H$73)*'Fase de Grupos'!$H$2:$H$73)+SUMPRODUCT(('Fase de Grupos'!$I$2:$I$73=$B48)*ISNUMBER('Fase de Grupos'!$F$2:$F$73)*ISNUMBER('Fase de Grupos'!$H$2:$H$73)*'Fase de Grupos'!$F$2:$F$73) -> 10 | I48: =G48-H48 -> -6 | J48: =D48*3+E48 -> 1
A50: Grupo H
A51: Pos | B51: Seleção | C51: J | D51: V | E51: E | F51: D | G51: GP | H51: GC | I51: SG | J51: PTS
A52: 1 | B52: Espanha | C52: =SUMPRODUCT(('Fase de Grupos'!$E$2:$E$73=$B52)*ISNUMBER('Fase de Grupos'!$F$2:$F$73)*ISNUMBER('Fase de Grupos'!$H$2:$H$73))+SUMPRODUCT(('Fase de Grupos'!$I$2:$I$73=$B52)*ISNUMBER('Fase de Grupos'!$F$2:$F$73)*ISNUMBER('Fase de Grupos'!$H$2:$H$73)) -> 3 | D52: =SUMPRODUCT(('Fase de Grupos'!$E$2:$E$73=$B52)*ISNUMBER('Fase de Grupos'!$F$2:$F$73)*ISNUMBER('Fase de Grupos'!$H$2:$H$73)*('Fase de Grupos'!$F$2:$F$73>'Fase de Grupos'!$H$2:$H$73))+SUMPRODUCT(('Fase de Grupos'!$I$2:$I$73=$B52)*ISNUMBER('Fase de Grupos'!$F$2:$F$73)*ISNUMBER('Fase de Grupos'!$H$2:$H$73)*('Fase de Grupos'!$H$2:$H$73>'Fase de Grupos'!$F$2:$F$73)) -> 2 | E52: =SUMPRODUCT(('Fase de Grupos'!$E$2:$E$73=$B52)*ISNUMBER('Fase de Grupos'!$F$2:$F$73)*ISNUMBER('Fase de Grupos'!$H$2:$H$73)*('Fase de Grupos'!$F$2:$F$73='Fase de Grupos'!$H$2:$H$73))+SUMPRODUCT(('Fase de Grupos'!$I$2:$I$73=$B52)*ISNUMBER('Fase de Grupos'!$F$2:$F$73)*ISNUMBER('Fase de Grupos'!$H$2:$H$73)*('Fase de Grupos'!$F$2:$F$73='Fase de Grupos'!$H$2:$H$73)) -> 1 | F52: =SUMPRODUCT(('Fase de Grupos'!$E$2:$E$73=$B52)*ISNUMBER('Fase de Grupos'!$F$2:$F$73)*ISNUMBER('Fase de Grupos'!$H$2:$H$73)*('Fase de Grupos'!$F$2:$F$73<'Fase de Grupos'!$H$2:$H$73))+SUMPRODUCT(('Fase de Grupos'!$I$2:$I$73=$B52)*ISNUMBER('Fase de Grupos'!$F$2:$F$73)*ISNUMBER('Fase de Grupos'!$H$2:$H$73)*('Fase de Grupos'!$H$2:$H$73<'Fase de Grupos'!$F$2:$F$73)) -> 0 | G52: =SUMPRODUCT(('Fase de Grupos'!$E$2:$E$73=$B52)*ISNUMBER('Fase de Grupos'!$F$2:$F$73)*ISNUMBER('Fase de Grupos'!$H$2:$H$73)*'Fase de Grupos'!$F$2:$F$73)+SUMPRODUCT(('Fase de Grupos'!$I$2:$I$73=$B52)*ISNUMBER('Fase de Grupos'!$F$2:$F$73)*ISNUMBER('Fase de Grupos'!$H$2:$H$73)*'Fase de Grupos'!$H$2:$H$73) -> 5 | H52: =SUMPRODUCT(('Fase de Grupos'!$E$2:$E$73=$B52)*ISNUMBER('Fase de Grupos'!$F$2:$F$73)*ISNUMBER('Fase de Grupos'!$H$2:$H$73)*'Fase de Grupos'!$H$2:$H$73)+SUMPRODUCT(('Fase de Grupos'!$I$2:$I$73=$B52)*ISNUMBER('Fase de Grupos'!$F$2:$F$73)*ISNUMBER('Fase de Grupos'!$H$2:$H$73)*'Fase de Grupos'!$F$2:$F$73) -> 0 | I52: =G52-H52 -> 5 | J52: =D52*3+E52 -> 7
A53: 2 | B53: Cabo Verde | C53: =SUMPRODUCT(('Fase de Grupos'!$E$2:$E$73=$B53)*ISNUMBER('Fase de Grupos'!$F$2:$F$73)*ISNUMBER('Fase de Grupos'!$H$2:$H$73))+SUMPRODUCT(('Fase de Grupos'!$I$2:$I$73=$B53)*ISNUMBER('Fase de Grupos'!$F$2:$F$73)*ISNUMBER('Fase de Grupos'!$H$2:$H$73)) -> 3 | D53: =SUMPRODUCT(('Fase de Grupos'!$E$2:$E$73=$B53)*ISNUMBER('Fase de Grupos'!$F$2:$F$73)*ISNUMBER('Fase de Grupos'!$H$2:$H$73)*('Fase de Grupos'!$F$2:$F$73>'Fase de Grupos'!$H$2:$H$73))+SUMPRODUCT(('Fase de Grupos'!$I$2:$I$73=$B53)*ISNUMBER('Fase de Grupos'!$F$2:$F$73)*ISNUMBER('Fase de Grupos'!$H$2:$H$73)*('Fase de Grupos'!$H$2:$H$73>'Fase de Grupos'!$F$2:$F$73)) -> 0 | E53: =SUMPRODUCT(('Fase de Grupos'!$E$2:$E$73=$B53)*ISNUMBER('Fase de Grupos'!$F$2:$F$73)*ISNUMBER('Fase de Grupos'!$H$2:$H$73)*('Fase de Grupos'!$F$2:$F$73='Fase de Grupos'!$H$2:$H$73))+SUMPRODUCT(('Fase de Grupos'!$I$2:$I$73=$B53)*ISNUMBER('Fase de Grupos'!$F$2:$F$73)*ISNUMBER('Fase de Grupos'!$H$2:$H$73)*('Fase de Grupos'!$F$2:$F$73='Fase de Grupos'!$H$2:$H$73)) -> 3 | F53: =SUMPRODUCT(('Fase de Grupos'!$E$2:$E$73=$B53)*ISNUMBER('Fase de Grupos'!$F$2:$F$73)*ISNUMBER('Fase de Grupos'!$H$2:$H$73)*('Fase de Grupos'!$F$2:$F$73<'Fase de Grupos'!$H$2:$H$73))+SUMPRODUCT(('Fase de Grupos'!$I$2:$I$73=$B53)*ISNUMBER('Fase de Grupos'!$F$2:$F$73)*ISNUMBER('Fase de Grupos'!$H$2:$H$73)*('Fase de Grupos'!$H$2:$H$73<'Fase de Grupos'!$F$2:$F$73)) -> 0 | G53: =SUMPRODUCT(('Fase de Grupos'!$E$2:$E$73=$B53)*ISNUMBER('Fase de Grupos'!$F$2:$F$73)*ISNUMBER('Fase de Grupos'!$H$2:$H$73)*'Fase de Grupos'!$F$2:$F$73)+SUMPRODUCT(('Fase de Grupos'!$I$2:$I$73=$B53)*ISNUMBER('Fase de Grupos'!$F$2:$F$73)*ISNUMBER('Fase de Grupos'!$H$2:$H$73)*'Fase de Grupos'!$H$2:$H$73) -> 2 | H53: =SUMPRODUCT(('Fase de Grupos'!$E$2:$E$73=$B53)*ISNUMBER('Fase de Grupos'!$F$2:$F$73)*ISNUMBER('Fase de Grupos'!$H$2:$H$73)*'Fase de Grupos'!$H$2:$H$73)+SUMPRODUCT(('Fase de Grupos'!$I$2:$I$73=$B53)*ISNUMBER('Fase de Grupos'!$F$2:$F$73)*ISNUMBER('Fase de Grupos'!$H$2:$H$73)*'Fase de Grupos'!$F$2:$F$73) -> 2 | I53: =G53-H53 -> 0 | J53: =D53*3+E53 -> 3
A54: 3 | B54: Arábia Saudita | C54: =SUMPRODUCT(('Fase de Grupos'!$E$2:$E$73=$B54)*ISNUMBER('Fase de Grupos'!$F$2:$F$73)*ISNUMBER('Fase de Grupos'!$H$2:$H$73))+SUMPRODUCT(('Fase de Grupos'!$I$2:$I$73=$B54)*ISNUMBER('Fase de Grupos'!$F$2:$F$73)*ISNUMBER('Fase de Grupos'!$H$2:$H$73)) -> 3 | D54: =SUMPRODUCT(('Fase de Grupos'!$E$2:$E$73=$B54)*ISNUMBER('Fase de Grupos'!$F$2:$F$73)*ISNUMBER('Fase de Grupos'!$H$2:$H$73)*('Fase de Grupos'!$F$2:$F$73>'Fase de Grupos'!$H$2:$H$73))+SUMPRODUCT(('Fase de Grupos'!$I$2:$I$73=$B54)*ISNUMBER('Fase de Grupos'!$F$2:$F$73)*ISNUMBER('Fase de Grupos'!$H$2:$H$73)*('Fase de Grupos'!$H$2:$H$73>'Fase de Grupos'!$F$2:$F$73)) -> 0 | E54: =SUMPRODUCT(('Fase de Grupos'!$E$2:$E$73=$B54)*ISNUMBER('Fase de Grupos'!$F$2:$F$73)*ISNUMBER('Fase de Grupos'!$H$2:$H$73)*('Fase de Grupos'!$F$2:$F$73='Fase de Grupos'!$H$2:$H$73))+SUMPRODUCT(('Fase de Grupos'!$I$2:$I$73=$B54)*ISNUMBER('Fase de Grupos'!$F$2:$F$73)*ISNUMBER('Fase de Grupos'!$H$2:$H$73)*('Fase de Grupos'!$F$2:$F$73='Fase de Grupos'!$H$2:$H$73)) -> 2 | F54: =SUMPRODUCT(('Fase de Grupos'!$E$2:$E$73=$B54)*ISNUMBER('Fase de Grupos'!$F$2:$F$73)*ISNUMBER('Fase de Grupos'!$H$2:$H$73)*('Fase de Grupos'!$F$2:$F$73<'Fase de Grupos'!$H$2:$H$73))+SUMPRODUCT(('Fase de Grupos'!$I$2:$I$73=$B54)*ISNUMBER('Fase de Grupos'!$F$2:$F$73)*ISNUMBER('Fase de Grupos'!$H$2:$H$73)*('Fase de Grupos'!$H$2:$H$73<'Fase de Grupos'!$F$2:$F$73)) -> 1 | G54: =SUMPRODUCT(('Fase de Grupos'!$E$2:$E$73=$B54)*ISNUMBER('Fase de Grupos'!$F$2:$F$73)*ISNUMBER('Fase de Grupos'!$H$2:$H$73)*'Fase de Grupos'!$F$2:$F$73)+SUMPRODUCT(('Fase de Grupos'!$I$2:$I$73=$B54)*ISNUMBER('Fase de Grupos'!$F$2:$F$73)*ISNUMBER('Fase de Grupos'!$H$2:$H$73)*'Fase de Grupos'!$H$2:$H$73) -> 1 | H54: =SUMPRODUCT(('Fase de Grupos'!$E$2:$E$73=$B54)*ISNUMBER('Fase de Grupos'!$F$2:$F$73)*ISNUMBER('Fase de Grupos'!$H$2:$H$73)*'Fase de Grupos'!$H$2:$H$73)+SUMPRODUCT(('Fase de Grupos'!$I$2:$I$73=$B54)*ISNUMBER('Fase de Grupos'!$F$2:$F$73)*ISNUMBER('Fase de Grupos'!$H$2:$H$73)*'Fase de Grupos'!$F$2:$F$73) -> 5 | I54: =G54-H54 -> -4 | J54: =D54*3+E54 -> 2
A55: 4 | B55: Uruguai | C55: =SUMPRODUCT(('Fase de Grupos'!$E$2:$E$73=$B55)*ISNUMBER('Fase de Grupos'!$F$2:$F$73)*ISNUMBER('Fase de Grupos'!$H$2:$H$73))+SUMPRODUCT(('Fase de Grupos'!$I$2:$I$73=$B55)*ISNUMBER('Fase de Grupos'!$F$2:$F$73)*ISNUMBER('Fase de Grupos'!$H$2:$H$73)) -> 3 | D55: =SUMPRODUCT(('Fase de Grupos'!$E$2:$E$73=$B55)*ISNUMBER('Fase de Grupos'!$F$2:$F$73)*ISNUMBER('Fase de Grupos'!$H$2:$H$73)*('Fase de Grupos'!$F$2:$F$73>'Fase de Grupos'!$H$2:$H$73))+SUMPRODUCT(('Fase de Grupos'!$I$2:$I$73=$B55)*ISNUMBER('Fase de Grupos'!$F$2:$F$73)*ISNUMBER('Fase de Grupos'!$H$2:$H$73)*('Fase de Grupos'!$H$2:$H$73>'Fase de Grupos'!$F$2:$F$73)) -> 0 | E55: =SUMPRODUCT(('Fase de Grupos'!$E$2:$E$73=$B55)*ISNUMBER('Fase de Grupos'!$F$2:$F$73)*ISNUMBER('Fase de Grupos'!$H$2:$H$73)*('Fase de Grupos'!$F$2:$F$73='Fase de Grupos'!$H$2:$H$73))+SUMPRODUCT(('Fase de Grupos'!$I$2:$I$73=$B55)*ISNUMBER('Fase de Grupos'!$F$2:$F$73)*ISNUMBER('Fase de Grupos'!$H$2:$H$73)*('Fase de Grupos'!$F$2:$F$73='Fase de Grupos'!$H$2:$H$73)) -> 2 | F55: =SUMPRODUCT(('Fase de Grupos'!$E$2:$E$73=$B55)*ISNUMBER('Fase de Grupos'!$F$2:$F$73)*ISNUMBER('Fase de Grupos'!$H$2:$H$73)*('Fase de Grupos'!$F$2:$F$73<'Fase de Grupos'!$H$2:$H$73))+SUMPRODUCT(('Fase de Grupos'!$I$2:$I$73=$B55)*ISNUMBER('Fase de Grupos'!$F$2:$F$73)*ISNUMBER('Fase de Grupos'!$H$2:$H$73)*('Fase de Grupos'!$H$2:$H$73<'Fase de Grupos'!$F$2:$F$73)) -> 1 | G55: =SUMPRODUCT(('Fase de Grupos'!$E$2:$E$73=$B55)*ISNUMBER('Fase de Grupos'!$F$2:$F$73)*ISNUMBER('Fase de Grupos'!$H$2:$H$73)*'Fase de Grupos'!$F$2:$F$73)+SUMPRODUCT(('Fase de Grupos'!$I$2:$I$73=$B55)*ISNUMBER('Fase de Grupos'!$F$2:$F$73)*ISNUMBER('Fase de Grupos'!$H$2:$H$73)*'Fase de Grupos'!$H$2:$H$73) -> 3 | H55: =SUMPRODUCT(('Fase de Grupos'!$E$2:$E$73=$B55)*ISNUMBER('Fase de Grupos'!$F$2:$F$73)*ISNUMBER('Fase de Grupos'!$H$2:$H$73)*'Fase de Grupos'!$H$2:$H$73)+SUMPRODUCT(('Fase de Grupos'!$I$2:$I$73=$B55)*ISNUMBER('Fase de Grupos'!$F$2:$F$73)*ISNUMBER('Fase de Grupos'!$H$2:$H$73)*'Fase de Grupos'!$F$2:$F$73) -> 4 | I55: =G55-H55 -> -1 | J55: =D55*3+E55 -> 2
A57: Grupo I
A58: Pos | B58: Seleção | C58: J | D58: V | E58: E | F58: D | G58: GP | H58: GC | I58: SG | J58: PTS
A59: 1 | B59: França | C59: =SUMPRODUCT(('Fase de Grupos'!$E$2:$E$73=$B59)*ISNUMBER('Fase de Grupos'!$F$2:$F$73)*ISNUMBER('Fase de Grupos'!$H$2:$H$73))+SUMPRODUCT(('Fase de Grupos'!$I$2:$I$73=$B59)*ISNUMBER('Fase de Grupos'!$F$2:$F$73)*ISNUMBER('Fase de Grupos'!$H$2:$H$73)) -> 3 | D59: =SUMPRODUCT(('Fase de Grupos'!$E$2:$E$73=$B59)*ISNUMBER('Fase de Grupos'!$F$2:$F$73)*ISNUMBER('Fase de Grupos'!$H$2:$H$73)*('Fase de Grupos'!$F$2:$F$73>'Fase de Grupos'!$H$2:$H$73))+SUMPRODUCT(('Fase de Grupos'!$I$2:$I$73=$B59)*ISNUMBER('Fase de Grupos'!$F$2:$F$73)*ISNUMBER('Fase de Grupos'!$H$2:$H$73)*('Fase de Grupos'!$H$2:$H$73>'Fase de Grupos'!$F$2:$F$73)) -> 3 | E59: =SUMPRODUCT(('Fase de Grupos'!$E$2:$E$73=$B59)*ISNUMBER('Fase de Grupos'!$F$2:$F$73)*ISNUMBER('Fase de Grupos'!$H$2:$H$73)*('Fase de Grupos'!$F$2:$F$73='Fase de Grupos'!$H$2:$H$73))+SUMPRODUCT(('Fase de Grupos'!$I$2:$I$73=$B59)*ISNUMBER('Fase de Grupos'!$F$2:$F$73)*ISNUMBER('Fase de Grupos'!$H$2:$H$73)*('Fase de Grupos'!$F$2:$F$73='Fase de Grupos'!$H$2:$H$73)) -> 0 | F59: =SUMPRODUCT(('Fase de Grupos'!$E$2:$E$73=$B59)*ISNUMBER('Fase de Grupos'!$F$2:$F$73)*ISNUMBER('Fase de Grupos'!$H$2:$H$73)*('Fase de Grupos'!$F$2:$F$73<'Fase de Grupos'!$H$2:$H$73))+SUMPRODUCT(('Fase de Grupos'!$I$2:$I$73=$B59)*ISNUMBER('Fase de Grupos'!$F$2:$F$73)*ISNUMBER('Fase de Grupos'!$H$2:$H$73)*('Fase de Grupos'!$H$2:$H$73<'Fase de Grupos'!$F$2:$F$73)) -> 0 | G59: =SUMPRODUCT(('Fase de Grupos'!$E$2:$E$73=$B59)*ISNUMBER('Fase de Grupos'!$F$2:$F$73)*ISNUMBER('Fase de Grupos'!$H$2:$H$73)*'Fase de Grupos'!$F$2:$F$73)+SUMPRODUCT(('Fase de Grupos'!$I$2:$I$73=$B59)*ISNUMBER('Fase de Grupos'!$F$2:$F$73)*ISNUMBER('Fase de Grupos'!$H$2:$H$73)*'Fase de Grupos'!$H$2:$H$73) -> 10 | H59: =SUMPRODUCT(('Fase de Grupos'!$E$2:$E$73=$B59)*ISNUMBER('Fase de Grupos'!$F$2:$F$73)*ISNUMBER('Fase de Grupos'!$H$2:$H$73)*'Fase de Grupos'!$H$2:$H$73)+SUMPRODUCT(('Fase de Grupos'!$I$2:$I$73=$B59)*ISNUMBER('Fase de Grupos'!$F$2:$F$73)*ISNUMBER('Fase de Grupos'!$H$2:$H$73)*'Fase de Grupos'!$F$2:$F$73) -> 2 | I59: =G59-H59 -> 8 | J59: =D59*3+E59 -> 9
A60: 2 | B60: Senegal | C60: =SUMPRODUCT(('Fase de Grupos'!$E$2:$E$73=$B60)*ISNUMBER('Fase de Grupos'!$F$2:$F$73)*ISNUMBER('Fase de Grupos'!$H$2:$H$73))+SUMPRODUCT(('Fase de Grupos'!$I$2:$I$73=$B60)*ISNUMBER('Fase de Grupos'!$F$2:$F$73)*ISNUMBER('Fase de Grupos'!$H$2:$H$73)) -> 3 | D60: =SUMPRODUCT(('Fase de Grupos'!$E$2:$E$73=$B60)*ISNUMBER('Fase de Grupos'!$F$2:$F$73)*ISNUMBER('Fase de Grupos'!$H$2:$H$73)*('Fase de Grupos'!$F$2:$F$73>'Fase de Grupos'!$H$2:$H$73))+SUMPRODUCT(('Fase de Grupos'!$I$2:$I$73=$B60)*ISNUMBER('Fase de Grupos'!$F$2:$F$73)*ISNUMBER('Fase de Grupos'!$H$2:$H$73)*('Fase de Grupos'!$H$2:$H$73>'Fase de Grupos'!$F$2:$F$73)) -> 1 | E60: =SUMPRODUCT(('Fase de Grupos'!$E$2:$E$73=$B60)*ISNUMBER('Fase de Grupos'!$F$2:$F$73)*ISNUMBER('Fase de Grupos'!$H$2:$H$73)*('Fase de Grupos'!$F$2:$F$73='Fase de Grupos'!$H$2:$H$73))+SUMPRODUCT(('Fase de Grupos'!$I$2:$I$73=$B60)*ISNUMBER('Fase de Grupos'!$F$2:$F$73)*ISNUMBER('Fase de Grupos'!$H$2:$H$73)*('Fase de Grupos'!$F$2:$F$73='Fase de Grupos'!$H$2:$H$73)) -> 0 | F60: =SUMPRODUCT(('Fase de Grupos'!$E$2:$E$73=$B60)*ISNUMBER('Fase de Grupos'!$F$2:$F$73)*ISNUMBER('Fase de Grupos'!$H$2:$H$73)*('Fase de Grupos'!$F$2:$F$73<'Fase de Grupos'!$H$2:$H$73))+SUMPRODUCT(('Fase de Grupos'!$I$2:$I$73=$B60)*ISNUMBER('Fase de Grupos'!$F$2:$F$73)*ISNUMBER('Fase de Grupos'!$H$2:$H$73)*('Fase de Grupos'!$H$2:$H$73<'Fase de Grupos'!$F$2:$F$73)) -> 2 | G60: =SUMPRODUCT(('Fase de Grupos'!$E$2:$E$73=$B60)*ISNUMBER('Fase de Grupos'!$F$2:$F$73)*ISNUMBER('Fase de Grupos'!$H$2:$H$73)*'Fase de Grupos'!$F$2:$F$73)+SUMPRODUCT(('Fase de Grupos'!$I$2:$I$73=$B60)*ISNUMBER('Fase de Grupos'!$F$2:$F$73)*ISNUMBER('Fase de Grupos'!$H$2:$H$73)*'Fase de Grupos'!$H$2:$H$73) -> 8 | H60: =SUMPRODUCT(('Fase de Grupos'!$E$2:$E$73=$B60)*ISNUMBER('Fase de Grupos'!$F$2:$F$73)*ISNUMBER('Fase de Grupos'!$H$2:$H$73)*'Fase de Grupos'!$H$2:$H$73)+SUMPRODUCT(('Fase de Grupos'!$I$2:$I$73=$B60)*ISNUMBER('Fase de Grupos'!$F$2:$F$73)*ISNUMBER('Fase de Grupos'!$H$2:$H$73)*'Fase de Grupos'!$F$2:$F$73) -> 6 | I60: =G60-H60 -> 2 | J60: =D60*3+E60 -> 3
A61: 3 | B61: Iraque | C61: =SUMPRODUCT(('Fase de Grupos'!$E$2:$E$73=$B61)*ISNUMBER('Fase de Grupos'!$F$2:$F$73)*ISNUMBER('Fase de Grupos'!$H$2:$H$73))+SUMPRODUCT(('Fase de Grupos'!$I$2:$I$73=$B61)*ISNUMBER('Fase de Grupos'!$F$2:$F$73)*ISNUMBER('Fase de Grupos'!$H$2:$H$73)) -> 3 | D61: =SUMPRODUCT(('Fase de Grupos'!$E$2:$E$73=$B61)*ISNUMBER('Fase de Grupos'!$F$2:$F$73)*ISNUMBER('Fase de Grupos'!$H$2:$H$73)*('Fase de Grupos'!$F$2:$F$73>'Fase de Grupos'!$H$2:$H$73))+SUMPRODUCT(('Fase de Grupos'!$I$2:$I$73=$B61)*ISNUMBER('Fase de Grupos'!$F$2:$F$73)*ISNUMBER('Fase de Grupos'!$H$2:$H$73)*('Fase de Grupos'!$H$2:$H$73>'Fase de Grupos'!$F$2:$F$73)) -> 0 | E61: =SUMPRODUCT(('Fase de Grupos'!$E$2:$E$73=$B61)*ISNUMBER('Fase de Grupos'!$F$2:$F$73)*ISNUMBER('Fase de Grupos'!$H$2:$H$73)*('Fase de Grupos'!$F$2:$F$73='Fase de Grupos'!$H$2:$H$73))+SUMPRODUCT(('Fase de Grupos'!$I$2:$I$73=$B61)*ISNUMBER('Fase de Grupos'!$F$2:$F$73)*ISNUMBER('Fase de Grupos'!$H$2:$H$73)*('Fase de Grupos'!$F$2:$F$73='Fase de Grupos'!$H$2:$H$73)) -> 0 | F61: =SUMPRODUCT(('Fase de Grupos'!$E$2:$E$73=$B61)*ISNUMBER('Fase de Grupos'!$F$2:$F$73)*ISNUMBER('Fase de Grupos'!$H$2:$H$73)*('Fase de Grupos'!$F$2:$F$73<'Fase de Grupos'!$H$2:$H$73))+SUMPRODUCT(('Fase de Grupos'!$I$2:$I$73=$B61)*ISNUMBER('Fase de Grupos'!$F$2:$F$73)*ISNUMBER('Fase de Grupos'!$H$2:$H$73)*('Fase de Grupos'!$H$2:$H$73<'Fase de Grupos'!$F$2:$F$73)) -> 3 | G61: =SUMPRODUCT(('Fase de Grupos'!$E$2:$E$73=$B61)*ISNUMBER('Fase de Grupos'!$F$2:$F$73)*ISNUMBER('Fase de Grupos'!$H$2:$H$73)*'Fase de Grupos'!$F$2:$F$73)+SUMPRODUCT(('Fase de Grupos'!$I$2:$I$73=$B61)*ISNUMBER('Fase de Grupos'!$F$2:$F$73)*ISNUMBER('Fase de Grupos'!$H$2:$H$73)*'Fase de Grupos'!$H$2:$H$73) -> 1 | H61: =SUMPRODUCT(('Fase de Grupos'!$E$2:$E$73=$B61)*ISNUMBER('Fase de Grupos'!$F$2:$F$73)*ISNUMBER('Fase de Grupos'!$H$2:$H$73)*'Fase de Grupos'!$H$2:$H$73)+SUMPRODUCT(('Fase de Grupos'!$I$2:$I$73=$B61)*ISNUMBER('Fase de Grupos'!$F$2:$F$73)*ISNUMBER('Fase de Grupos'!$H$2:$H$73)*'Fase de Grupos'!$F$2:$F$73) -> 12 | I61: =G61-H61 -> -11 | J61: =D61*3+E61 -> 0
A62: 4 | B62: Noruega | C62: =SUMPRODUCT(('Fase de Grupos'!$E$2:$E$73=$B62)*ISNUMBER('Fase de Grupos'!$F$2:$F$73)*ISNUMBER('Fase de Grupos'!$H$2:$H$73))+SUMPRODUCT(('Fase de Grupos'!$I$2:$I$73=$B62)*ISNUMBER('Fase de Grupos'!$F$2:$F$73)*ISNUMBER('Fase de Grupos'!$H$2:$H$73)) -> 3 | D62: =SUMPRODUCT(('Fase de Grupos'!$E$2:$E$73=$B62)*ISNUMBER('Fase de Grupos'!$F$2:$F$73)*ISNUMBER('Fase de Grupos'!$H$2:$H$73)*('Fase de Grupos'!$F$2:$F$73>'Fase de Grupos'!$H$2:$H$73))+SUMPRODUCT(('Fase de Grupos'!$I$2:$I$73=$B62)*ISNUMBER('Fase de Grupos'!$F$2:$F$73)*ISNUMBER('Fase de Grupos'!$H$2:$H$73)*('Fase de Grupos'!$H$2:$H$73>'Fase de Grupos'!$F$2:$F$73)) -> 2 | E62: =SUMPRODUCT(('Fase de Grupos'!$E$2:$E$73=$B62)*ISNUMBER('Fase de Grupos'!$F$2:$F$73)*ISNUMBER('Fase de Grupos'!$H$2:$H$73)*('Fase de Grupos'!$F$2:$F$73='Fase de Grupos'!$H$2:$H$73))+SUMPRODUCT(('Fase de Grupos'!$I$2:$I$73=$B62)*ISNUMBER('Fase de Grupos'!$F$2:$F$73)*ISNUMBER('Fase de Grupos'!$H$2:$H$73)*('Fase de Grupos'!$F$2:$F$73='Fase de Grupos'!$H$2:$H$73)) -> 0 | F62: =SUMPRODUCT(('Fase de Grupos'!$E$2:$E$73=$B62)*ISNUMBER('Fase de Grupos'!$F$2:$F$73)*ISNUMBER('Fase de Grupos'!$H$2:$H$73)*('Fase de Grupos'!$F$2:$F$73<'Fase de Grupos'!$H$2:$H$73))+SUMPRODUCT(('Fase de Grupos'!$I$2:$I$73=$B62)*ISNUMBER('Fase de Grupos'!$F$2:$F$73)*ISNUMBER('Fase de Grupos'!$H$2:$H$73)*('Fase de Grupos'!$H$2:$H$73<'Fase de Grupos'!$F$2:$F$73)) -> 1 | G62: =SUMPRODUCT(('Fase de Grupos'!$E$2:$E$73=$B62)*ISNUMBER('Fase de Grupos'!$F$2:$F$73)*ISNUMBER('Fase de Grupos'!$H$2:$H$73)*'Fase de Grupos'!$F$2:$F$73)+SUMPRODUCT(('Fase de Grupos'!$I$2:$I$73=$B62)*ISNUMBER('Fase de Grupos'!$F$2:$F$73)*ISNUMBER('Fase de Grupos'!$H$2:$H$73)*'Fase de Grupos'!$H$2:$H$73) -> 8 | H62: =SUMPRODUCT(('Fase de Grupos'!$E$2:$E$73=$B62)*ISNUMBER('Fase de Grupos'!$F$2:$F$73)*ISNUMBER('Fase de Grupos'!$H$2:$H$73)*'Fase de Grupos'!$H$2:$H$73)+SUMPRODUCT(('Fase de Grupos'!$I$2:$I$73=$B62)*ISNUMBER('Fase de Grupos'!$F$2:$F$73)*ISNUMBER('Fase de Grupos'!$H$2:$H$73)*'Fase de Grupos'!$F$2:$F$73) -> 7 | I62: =G62-H62 -> 1 | J62: =D62*3+E62 -> 6
A64: Grupo J
A65: Pos | B65: Seleção | C65: J | D65: V | E65: E | F65: D | G65: GP | H65: GC | I65: SG | J65: PTS
A66: 1 | B66: Argentina | C66: =SUMPRODUCT(('Fase de Grupos'!$E$2:$E$73=$B66)*ISNUMBER('Fase de Grupos'!$F$2:$F$73)*ISNUMBER('Fase de Grupos'!$H$2:$H$73))+SUMPRODUCT(('Fase de Grupos'!$I$2:$I$73=$B66)*ISNUMBER('Fase de Grupos'!$F$2:$F$73)*ISNUMBER('Fase de Grupos'!$H$2:$H$73)) -> 3 | D66: =SUMPRODUCT(('Fase de Grupos'!$E$2:$E$73=$B66)*ISNUMBER('Fase de Grupos'!$F$2:$F$73)*ISNUMBER('Fase de Grupos'!$H$2:$H$73)*('Fase de Grupos'!$F$2:$F$73>'Fase de Grupos'!$H$2:$H$73))+SUMPRODUCT(('Fase de Grupos'!$I$2:$I$73=$B66)*ISNUMBER('Fase de Grupos'!$F$2:$F$73)*ISNUMBER('Fase de Grupos'!$H$2:$H$73)*('Fase de Grupos'!$H$2:$H$73>'Fase de Grupos'!$F$2:$F$73)) -> 3 | E66: =SUMPRODUCT(('Fase de Grupos'!$E$2:$E$73=$B66)*ISNUMBER('Fase de Grupos'!$F$2:$F$73)*ISNUMBER('Fase de Grupos'!$H$2:$H$73)*('Fase de Grupos'!$F$2:$F$73='Fase de Grupos'!$H$2:$H$73))+SUMPRODUCT(('Fase de Grupos'!$I$2:$I$73=$B66)*ISNUMBER('Fase de Grupos'!$F$2:$F$73)*ISNUMBER('Fase de Grupos'!$H$2:$H$73)*('Fase de Grupos'!$F$2:$F$73='Fase de Grupos'!$H$2:$H$73)) -> 0 | F66: =SUMPRODUCT(('Fase de Grupos'!$E$2:$E$73=$B66)*ISNUMBER('Fase de Grupos'!$F$2:$F$73)*ISNUMBER('Fase de Grupos'!$H$2:$H$73)*('Fase de Grupos'!$F$2:$F$73<'Fase de Grupos'!$H$2:$H$73))+SUMPRODUCT(('Fase de Grupos'!$I$2:$I$73=$B66)*ISNUMBER('Fase de Grupos'!$F$2:$F$73)*ISNUMBER('Fase de Grupos'!$H$2:$H$73)*('Fase de Grupos'!$H$2:$H$73<'Fase de Grupos'!$F$2:$F$73)) -> 0 | G66: =SUMPRODUCT(('Fase de Grupos'!$E$2:$E$73=$B66)*ISNUMBER('Fase de Grupos'!$F$2:$F$73)*ISNUMBER('Fase de Grupos'!$H$2:$H$73)*'Fase de Grupos'!$F$2:$F$73)+SUMPRODUCT(('Fase de Grupos'!$I$2:$I$73=$B66)*ISNUMBER('Fase de Grupos'!$F$2:$F$73)*ISNUMBER('Fase de Grupos'!$H$2:$H$73)*'Fase de Grupos'!$H$2:$H$73) -> 8 | H66: =SUMPRODUCT(('Fase de Grupos'!$E$2:$E$73=$B66)*ISNUMBER('Fase de Grupos'!$F$2:$F$73)*ISNUMBER('Fase de Grupos'!$H$2:$H$73)*'Fase de Grupos'!$H$2:$H$73)+SUMPRODUCT(('Fase de Grupos'!$I$2:$I$73=$B66)*ISNUMBER('Fase de Grupos'!$F$2:$F$73)*ISNUMBER('Fase de Grupos'!$H$2:$H$73)*'Fase de Grupos'!$F$2:$F$73) -> 1 | I66: =G66-H66 -> 7 | J66: =D66*3+E66 -> 9
A67: 2 | B67: Argélia | C67: =SUMPRODUCT(('Fase de Grupos'!$E$2:$E$73=$B67)*ISNUMBER('Fase de Grupos'!$F$2:$F$73)*ISNUMBER('Fase de Grupos'!$H$2:$H$73))+SUMPRODUCT(('Fase de Grupos'!$I$2:$I$73=$B67)*ISNUMBER('Fase de Grupos'!$F$2:$F$73)*ISNUMBER('Fase de Grupos'!$H$2:$H$73)) -> 3 | D67: =SUMPRODUCT(('Fase de Grupos'!$E$2:$E$73=$B67)*ISNUMBER('Fase de Grupos'!$F$2:$F$73)*ISNUMBER('Fase de Grupos'!$H$2:$H$73)*('Fase de Grupos'!$F$2:$F$73>'Fase de Grupos'!$H$2:$H$73))+SUMPRODUCT(('Fase de Grupos'!$I$2:$I$73=$B67)*ISNUMBER('Fase de Grupos'!$F$2:$F$73)*ISNUMBER('Fase de Grupos'!$H$2:$H$73)*('Fase de Grupos'!$H$2:$H$73>'Fase de Grupos'!$F$2:$F$73)) -> 1 | E67: =SUMPRODUCT(('Fase de Grupos'!$E$2:$E$73=$B67)*ISNUMBER('Fase de Grupos'!$F$2:$F$73)*ISNUMBER('Fase de Grupos'!$H$2:$H$73)*('Fase de Grupos'!$F$2:$F$73='Fase de Grupos'!$H$2:$H$73))+SUMPRODUCT(('Fase de Grupos'!$I$2:$I$73=$B67)*ISNUMBER('Fase de Grupos'!$F$2:$F$73)*ISNUMBER('Fase de Grupos'!$H$2:$H$73)*('Fase de Grupos'!$F$2:$F$73='Fase de Grupos'!$H$2:$H$73)) -> 1 | F67: =SUMPRODUCT(('Fase de Grupos'!$E$2:$E$73=$B67)*ISNUMBER('Fase de Grupos'!$F$2:$F$73)*ISNUMBER('Fase de Grupos'!$H$2:$H$73)*('Fase de Grupos'!$F$2:$F$73<'Fase de Grupos'!$H$2:$H$73))+SUMPRODUCT(('Fase de Grupos'!$I$2:$I$73=$B67)*ISNUMBER('Fase de Grupos'!$F$2:$F$73)*ISNUMBER('Fase de Grupos'!$H$2:$H$73)*('Fase de Grupos'!$H$2:$H$73<'Fase de Grupos'!$F$2:$F$73)) -> 1 | G67: =SUMPRODUCT(('Fase de Grupos'!$E$2:$E$73=$B67)*ISNUMBER('Fase de Grupos'!$F$2:$F$73)*ISNUMBER('Fase de Grupos'!$H$2:$H$73)*'Fase de Grupos'!$F$2:$F$73)+SUMPRODUCT(('Fase de Grupos'!$I$2:$I$73=$B67)*ISNUMBER('Fase de Grupos'!$F$2:$F$73)*ISNUMBER('Fase de Grupos'!$H$2:$H$73)*'Fase de Grupos'!$H$2:$H$73) -> 5 | H67: =SUMPRODUCT(('Fase de Grupos'!$E$2:$E$73=$B67)*ISNUMBER('Fase de Grupos'!$F$2:$F$73)*ISNUMBER('Fase de Grupos'!$H$2:$H$73)*'Fase de Grupos'!$H$2:$H$73)+SUMPRODUCT(('Fase de Grupos'!$I$2:$I$73=$B67)*ISNUMBER('Fase de Grupos'!$F$2:$F$73)*ISNUMBER('Fase de Grupos'!$H$2:$H$73)*'Fase de Grupos'!$F$2:$F$73) -> 7 | I67: =G67-H67 -> -2 | J67: =D67*3+E67 -> 4
A68: 3 | B68: Áustria | C68: =SUMPRODUCT(('Fase de Grupos'!$E$2:$E$73=$B68)*ISNUMBER('Fase de Grupos'!$F$2:$F$73)*ISNUMBER('Fase de Grupos'!$H$2:$H$73))+SUMPRODUCT(('Fase de Grupos'!$I$2:$I$73=$B68)*ISNUMBER('Fase de Grupos'!$F$2:$F$73)*ISNUMBER('Fase de Grupos'!$H$2:$H$73)) -> 3 | D68: =SUMPRODUCT(('Fase de Grupos'!$E$2:$E$73=$B68)*ISNUMBER('Fase de Grupos'!$F$2:$F$73)*ISNUMBER('Fase de Grupos'!$H$2:$H$73)*('Fase de Grupos'!$F$2:$F$73>'Fase de Grupos'!$H$2:$H$73))+SUMPRODUCT(('Fase de Grupos'!$I$2:$I$73=$B68)*ISNUMBER('Fase de Grupos'!$F$2:$F$73)*ISNUMBER('Fase de Grupos'!$H$2:$H$73)*('Fase de Grupos'!$H$2:$H$73>'Fase de Grupos'!$F$2:$F$73)) -> 1 | E68: =SUMPRODUCT(('Fase de Grupos'!$E$2:$E$73=$B68)*ISNUMBER('Fase de Grupos'!$F$2:$F$73)*ISNUMBER('Fase de Grupos'!$H$2:$H$73)*('Fase de Grupos'!$F$2:$F$73='Fase de Grupos'!$H$2:$H$73))+SUMPRODUCT(('Fase de Grupos'!$I$2:$I$73=$B68)*ISNUMBER('Fase de Grupos'!$F$2:$F$73)*ISNUMBER('Fase de Grupos'!$H$2:$H$73)*('Fase de Grupos'!$F$2:$F$73='Fase de Grupos'!$H$2:$H$73)) -> 1 | F68: =SUMPRODUCT(('Fase de Grupos'!$E$2:$E$73=$B68)*ISNUMBER('Fase de Grupos'!$F$2:$F$73)*ISNUMBER('Fase de Grupos'!$H$2:$H$73)*('Fase de Grupos'!$F$2:$F$73<'Fase de Grupos'!$H$2:$H$73))+SUMPRODUCT(('Fase de Grupos'!$I$2:$I$73=$B68)*ISNUMBER('Fase de Grupos'!$F$2:$F$73)*ISNUMBER('Fase de Grupos'!$H$2:$H$73)*('Fase de Grupos'!$H$2:$H$73<'Fase de Grupos'!$F$2:$F$73)) -> 1 | G68: =SUMPRODUCT(('Fase de Grupos'!$E$2:$E$73=$B68)*ISNUMBER('Fase de Grupos'!$F$2:$F$73)*ISNUMBER('Fase de Grupos'!$H$2:$H$73)*'Fase de Grupos'!$F$2:$F$73)+SUMPRODUCT(('Fase de Grupos'!$I$2:$I$73=$B68)*ISNUMBER('Fase de Grupos'!$F$2:$F$73)*ISNUMBER('Fase de Grupos'!$H$2:$H$73)*'Fase de Grupos'!$H$2:$H$73) -> 6 | H68: =SUMPRODUCT(('Fase de Grupos'!$E$2:$E$73=$B68)*ISNUMBER('Fase de Grupos'!$F$2:$F$73)*ISNUMBER('Fase de Grupos'!$H$2:$H$73)*'Fase de Grupos'!$H$2:$H$73)+SUMPRODUCT(('Fase de Grupos'!$I$2:$I$73=$B68)*ISNUMBER('Fase de Grupos'!$F$2:$F$73)*ISNUMBER('Fase de Grupos'!$H$2:$H$73)*'Fase de Grupos'!$F$2:$F$73) -> 6 | I68: =G68-H68 -> 0 | J68: =D68*3+E68 -> 4
A69: 4 | B69: Jordânia | C69: =SUMPRODUCT(('Fase de Grupos'!$E$2:$E$73=$B69)*ISNUMBER('Fase de Grupos'!$F$2:$F$73)*ISNUMBER('Fase de Grupos'!$H$2:$H$73))+SUMPRODUCT(('Fase de Grupos'!$I$2:$I$73=$B69)*ISNUMBER('Fase de Grupos'!$F$2:$F$73)*ISNUMBER('Fase de Grupos'!$H$2:$H$73)) -> 3 | D69: =SUMPRODUCT(('Fase de Grupos'!$E$2:$E$73=$B69)*ISNUMBER('Fase de Grupos'!$F$2:$F$73)*ISNUMBER('Fase de Grupos'!$H$2:$H$73)*('Fase de Grupos'!$F$2:$F$73>'Fase de Grupos'!$H$2:$H$73))+SUMPRODUCT(('Fase de Grupos'!$I$2:$I$73=$B69)*ISNUMBER('Fase de Grupos'!$F$2:$F$73)*ISNUMBER('Fase de Grupos'!$H$2:$H$73)*('Fase de Grupos'!$H$2:$H$73>'Fase de Grupos'!$F$2:$F$73)) -> 0 | E69: =SUMPRODUCT(('Fase de Grupos'!$E$2:$E$73=$B69)*ISNUMBER('Fase de Grupos'!$F$2:$F$73)*ISNUMBER('Fase de Grupos'!$H$2:$H$73)*('Fase de Grupos'!$F$2:$F$73='Fase de Grupos'!$H$2:$H$73))+SUMPRODUCT(('Fase de Grupos'!$I$2:$I$73=$B69)*ISNUMBER('Fase de Grupos'!$F$2:$F$73)*ISNUMBER('Fase de Grupos'!$H$2:$H$73)*('Fase de Grupos'!$F$2:$F$73='Fase de Grupos'!$H$2:$H$73)) -> 0 | F69: =SUMPRODUCT(('Fase de Grupos'!$E$2:$E$73=$B69)*ISNUMBER('Fase de Grupos'!$F$2:$F$73)*ISNUMBER('Fase de Grupos'!$H$2:$H$73)*('Fase de Grupos'!$F$2:$F$73<'Fase de Grupos'!$H$2:$H$73))+SUMPRODUCT(('Fase de Grupos'!$I$2:$I$73=$B69)*ISNUMBER('Fase de Grupos'!$F$2:$F$73)*ISNUMBER('Fase de Grupos'!$H$2:$H$73)*('Fase de Grupos'!$H$2:$H$73<'Fase de Grupos'!$F$2:$F$73)) -> 3 | G69: =SUMPRODUCT(('Fase de Grupos'!$E$2:$E$73=$B69)*ISNUMBER('Fase de Grupos'!$F$2:$F$73)*ISNUMBER('Fase de Grupos'!$H$2:$H$73)*'Fase de Grupos'!$F$2:$F$73)+SUMPRODUCT(('Fase de Grupos'!$I$2:$I$73=$B69)*ISNUMBER('Fase de Grupos'!$F$2:$F$73)*ISNUMBER('Fase de Grupos'!$H$2:$H$73)*'Fase de Grupos'!$H$2:$H$73) -> 3 | H69: =SUMPRODUCT(('Fase de Grupos'!$E$2:$E$73=$B69)*ISNUMBER('Fase de Grupos'!$F$2:$F$73)*ISNUMBER('Fase de Grupos'!$H$2:$H$73)*'Fase de Grupos'!$H$2:$H$73)+SUMPRODUCT(('Fase de Grupos'!$I$2:$I$73=$B69)*ISNUMBER('Fase de Grupos'!$F$2:$F$73)*ISNUMBER('Fase de Grupos'!$H$2:$H$73)*'Fase de Grupos'!$F$2:$F$73) -> 8 | I69: =G69-H69 -> -5 | J69: =D69*3+E69 -> 0
A71: Grupo K
A72: Pos | B72: Seleção | C72: J | D72: V | E72: E | F72: D | G72: GP | H72: GC | I72: SG | J72: PTS
A73: 1 | B73: Portugal | C73: =SUMPRODUCT(('Fase de Grupos'!$E$2:$E$73=$B73)*ISNUMBER('Fase de Grupos'!$F$2:$F$73)*ISNUMBER('Fase de Grupos'!$H$2:$H$73))+SUMPRODUCT(('Fase de Grupos'!$I$2:$I$73=$B73)*ISNUMBER('Fase de Grupos'!$F$2:$F$73)*ISNUMBER('Fase de Grupos'!$H$2:$H$73)) -> 3 | D73: =SUMPRODUCT(('Fase de Grupos'!$E$2:$E$73=$B73)*ISNUMBER('Fase de Grupos'!$F$2:$F$73)*ISNUMBER('Fase de Grupos'!$H$2:$H$73)*('Fase de Grupos'!$F$2:$F$73>'Fase de Grupos'!$H$2:$H$73))+SUMPRODUCT(('Fase de Grupos'!$I$2:$I$73=$B73)*ISNUMBER('Fase de Grupos'!$F$2:$F$73)*ISNUMBER('Fase de Grupos'!$H$2:$H$73)*('Fase de Grupos'!$H$2:$H$73>'Fase de Grupos'!$F$2:$F$73)) -> 1 | E73: =SUMPRODUCT(('Fase de Grupos'!$E$2:$E$73=$B73)*ISNUMBER('Fase de Grupos'!$F$2:$F$73)*ISNUMBER('Fase de Grupos'!$H$2:$H$73)*('Fase de Grupos'!$F$2:$F$73='Fase de Grupos'!$H$2:$H$73))+SUMPRODUCT(('Fase de Grupos'!$I$2:$I$73=$B73)*ISNUMBER('Fase de Grupos'!$F$2:$F$73)*ISNUMBER('Fase de Grupos'!$H$2:$H$73)*('Fase de Grupos'!$F$2:$F$73='Fase de Grupos'!$H$2:$H$73)) -> 2 | F73: =SUMPRODUCT(('Fase de Grupos'!$E$2:$E$73=$B73)*ISNUMBER('Fase de Grupos'!$F$2:$F$73)*ISNUMBER('Fase de Grupos'!$H$2:$H$73)*('Fase de Grupos'!$F$2:$F$73<'Fase de Grupos'!$H$2:$H$73))+SUMPRODUCT(('Fase de Grupos'!$I$2:$I$73=$B73)*ISNUMBER('Fase de Grupos'!$F$2:$F$73)*ISNUMBER('Fase de Grupos'!$H$2:$H$73)*('Fase de Grupos'!$H$2:$H$73<'Fase de Grupos'!$F$2:$F$73)) -> 0 | G73: =SUMPRODUCT(('Fase de Grupos'!$E$2:$E$73=$B73)*ISNUMBER('Fase de Grupos'!$F$2:$F$73)*ISNUMBER('Fase de Grupos'!$H$2:$H$73)*'Fase de Grupos'!$F$2:$F$73)+SUMPRODUCT(('Fase de Grupos'!$I$2:$I$73=$B73)*ISNUMBER('Fase de Grupos'!$F$2:$F$73)*ISNUMBER('Fase de Grupos'!$H$2:$H$73)*'Fase de Grupos'!$H$2:$H$73) -> 6 | H73: =SUMPRODUCT(('Fase de Grupos'!$E$2:$E$73=$B73)*ISNUMBER('Fase de Grupos'!$F$2:$F$73)*ISNUMBER('Fase de Grupos'!$H$2:$H$73)*'Fase de Grupos'!$H$2:$H$73)+SUMPRODUCT(('Fase de Grupos'!$I$2:$I$73=$B73)*ISNUMBER('Fase de Grupos'!$F$2:$F$73)*ISNUMBER('Fase de Grupos'!$H$2:$H$73)*'Fase de Grupos'!$F$2:$F$73) -> 1 | I73: =G73-H73 -> 5 | J73: =D73*3+E73 -> 5
A74: 2 | B74: RD Congo | C74: =SUMPRODUCT(('Fase de Grupos'!$E$2:$E$73=$B74)*ISNUMBER('Fase de Grupos'!$F$2:$F$73)*ISNUMBER('Fase de Grupos'!$H$2:$H$73))+SUMPRODUCT(('Fase de Grupos'!$I$2:$I$73=$B74)*ISNUMBER('Fase de Grupos'!$F$2:$F$73)*ISNUMBER('Fase de Grupos'!$H$2:$H$73)) -> 3 | D74: =SUMPRODUCT(('Fase de Grupos'!$E$2:$E$73=$B74)*ISNUMBER('Fase de Grupos'!$F$2:$F$73)*ISNUMBER('Fase de Grupos'!$H$2:$H$73)*('Fase de Grupos'!$F$2:$F$73>'Fase de Grupos'!$H$2:$H$73))+SUMPRODUCT(('Fase de Grupos'!$I$2:$I$73=$B74)*ISNUMBER('Fase de Grupos'!$F$2:$F$73)*ISNUMBER('Fase de Grupos'!$H$2:$H$73)*('Fase de Grupos'!$H$2:$H$73>'Fase de Grupos'!$F$2:$F$73)) -> 1 | E74: =SUMPRODUCT(('Fase de Grupos'!$E$2:$E$73=$B74)*ISNUMBER('Fase de Grupos'!$F$2:$F$73)*ISNUMBER('Fase de Grupos'!$H$2:$H$73)*('Fase de Grupos'!$F$2:$F$73='Fase de Grupos'!$H$2:$H$73))+SUMPRODUCT(('Fase de Grupos'!$I$2:$I$73=$B74)*ISNUMBER('Fase de Grupos'!$F$2:$F$73)*ISNUMBER('Fase de Grupos'!$H$2:$H$73)*('Fase de Grupos'!$F$2:$F$73='Fase de Grupos'!$H$2:$H$73)) -> 1 | F74: =SUMPRODUCT(('Fase de Grupos'!$E$2:$E$73=$B74)*ISNUMBER('Fase de Grupos'!$F$2:$F$73)*ISNUMBER('Fase de Grupos'!$H$2:$H$73)*('Fase de Grupos'!$F$2:$F$73<'Fase de Grupos'!$H$2:$H$73))+SUMPRODUCT(('Fase de Grupos'!$I$2:$I$73=$B74)*ISNUMBER('Fase de Grupos'!$F$2:$F$73)*ISNUMBER('Fase de Grupos'!$H$2:$H$73)*('Fase de Grupos'!$H$2:$H$73<'Fase de Grupos'!$F$2:$F$73)) -> 1 | G74: =SUMPRODUCT(('Fase de Grupos'!$E$2:$E$73=$B74)*ISNUMBER('Fase de Grupos'!$F$2:$F$73)*ISNUMBER('Fase de Grupos'!$H$2:$H$73)*'Fase de Grupos'!$F$2:$F$73)+SUMPRODUCT(('Fase de Grupos'!$I$2:$I$73=$B74)*ISNUMBER('Fase de Grupos'!$F$2:$F$73)*ISNUMBER('Fase de Grupos'!$H$2:$H$73)*'Fase de Grupos'!$H$2:$H$73) -> 4 | H74: =SUMPRODUCT(('Fase de Grupos'!$E$2:$E$73=$B74)*ISNUMBER('Fase de Grupos'!$F$2:$F$73)*ISNUMBER('Fase de Grupos'!$H$2:$H$73)*'Fase de Grupos'!$H$2:$H$73)+SUMPRODUCT(('Fase de Grupos'!$I$2:$I$73=$B74)*ISNUMBER('Fase de Grupos'!$F$2:$F$73)*ISNUMBER('Fase de Grupos'!$H$2:$H$73)*'Fase de Grupos'!$F$2:$F$73) -> 3 | I74: =G74-H74 -> 1 | J74: =D74*3+E74 -> 4
A75: 3 | B75: Uzbequistão | C75: =SUMPRODUCT(('Fase de Grupos'!$E$2:$E$73=$B75)*ISNUMBER('Fase de Grupos'!$F$2:$F$73)*ISNUMBER('Fase de Grupos'!$H$2:$H$73))+SUMPRODUCT(('Fase de Grupos'!$I$2:$I$73=$B75)*ISNUMBER('Fase de Grupos'!$F$2:$F$73)*ISNUMBER('Fase de Grupos'!$H$2:$H$73)) -> 3 | D75: =SUMPRODUCT(('Fase de Grupos'!$E$2:$E$73=$B75)*ISNUMBER('Fase de Grupos'!$F$2:$F$73)*ISNUMBER('Fase de Grupos'!$H$2:$H$73)*('Fase de Grupos'!$F$2:$F$73>'Fase de Grupos'!$H$2:$H$73))+SUMPRODUCT(('Fase de Grupos'!$I$2:$I$73=$B75)*ISNUMBER('Fase de Grupos'!$F$2:$F$73)*ISNUMBER('Fase de Grupos'!$H$2:$H$73)*('Fase de Grupos'!$H$2:$H$73>'Fase de Grupos'!$F$2:$F$73)) -> 0 | E75: =SUMPRODUCT(('Fase de Grupos'!$E$2:$E$73=$B75)*ISNUMBER('Fase de Grupos'!$F$2:$F$73)*ISNUMBER('Fase de Grupos'!$H$2:$H$73)*('Fase de Grupos'!$F$2:$F$73='Fase de Grupos'!$H$2:$H$73))+SUMPRODUCT(('Fase de Grupos'!$I$2:$I$73=$B75)*ISNUMBER('Fase de Grupos'!$F$2:$F$73)*ISNUMBER('Fase de Grupos'!$H$2:$H$73)*('Fase de Grupos'!$F$2:$F$73='Fase de Grupos'!$H$2:$H$73)) -> 0 | F75: =SUMPRODUCT(('Fase de Grupos'!$E$2:$E$73=$B75)*ISNUMBER('Fase de Grupos'!$F$2:$F$73)*ISNUMBER('Fase de Grupos'!$H$2:$H$73)*('Fase de Grupos'!$F$2:$F$73<'Fase de Grupos'!$H$2:$H$73))+SUMPRODUCT(('Fase de Grupos'!$I$2:$I$73=$B75)*ISNUMBER('Fase de Grupos'!$F$2:$F$73)*ISNUMBER('Fase de Grupos'!$H$2:$H$73)*('Fase de Grupos'!$H$2:$H$73<'Fase de Grupos'!$F$2:$F$73)) -> 3 | G75: =SUMPRODUCT(('Fase de Grupos'!$E$2:$E$73=$B75)*ISNUMBER('Fase de Grupos'!$F$2:$F$73)*ISNUMBER('Fase de Grupos'!$H$2:$H$73)*'Fase de Grupos'!$F$2:$F$73)+SUMPRODUCT(('Fase de Grupos'!$I$2:$I$73=$B75)*ISNUMBER('Fase de Grupos'!$F$2:$F$73)*ISNUMBER('Fase de Grupos'!$H$2:$H$73)*'Fase de Grupos'!$H$2:$H$73) -> 2 | H75: =SUMPRODUCT(('Fase de Grupos'!$E$2:$E$73=$B75)*ISNUMBER('Fase de Grupos'!$F$2:$F$73)*ISNUMBER('Fase de Grupos'!$H$2:$H$73)*'Fase de Grupos'!$H$2:$H$73)+SUMPRODUCT(('Fase de Grupos'!$I$2:$I$73=$B75)*ISNUMBER('Fase de Grupos'!$F$2:$F$73)*ISNUMBER('Fase de Grupos'!$H$2:$H$73)*'Fase de Grupos'!$F$2:$F$73) -> 11 | I75: =G75-H75 -> -9 | J75: =D75*3+E75 -> 0
A76: 4 | B76: Colômbia | C76: =SUMPRODUCT(('Fase de Grupos'!$E$2:$E$73=$B76)*ISNUMBER('Fase de Grupos'!$F$2:$F$73)*ISNUMBER('Fase de Grupos'!$H$2:$H$73))+SUMPRODUCT(('Fase de Grupos'!$I$2:$I$73=$B76)*ISNUMBER('Fase de Grupos'!$F$2:$F$73)*ISNUMBER('Fase de Grupos'!$H$2:$H$73)) -> 3 | D76: =SUMPRODUCT(('Fase de Grupos'!$E$2:$E$73=$B76)*ISNUMBER('Fase de Grupos'!$F$2:$F$73)*ISNUMBER('Fase de Grupos'!$H$2:$H$73)*('Fase de Grupos'!$F$2:$F$73>'Fase de Grupos'!$H$2:$H$73))+SUMPRODUCT(('Fase de Grupos'!$I$2:$I$73=$B76)*ISNUMBER('Fase de Grupos'!$F$2:$F$73)*ISNUMBER('Fase de Grupos'!$H$2:$H$73)*('Fase de Grupos'!$H$2:$H$73>'Fase de Grupos'!$F$2:$F$73)) -> 2 | E76: =SUMPRODUCT(('Fase de Grupos'!$E$2:$E$73=$B76)*ISNUMBER('Fase de Grupos'!$F$2:$F$73)*ISNUMBER('Fase de Grupos'!$H$2:$H$73)*('Fase de Grupos'!$F$2:$F$73='Fase de Grupos'!$H$2:$H$73))+SUMPRODUCT(('Fase de Grupos'!$I$2:$I$73=$B76)*ISNUMBER('Fase de Grupos'!$F$2:$F$73)*ISNUMBER('Fase de Grupos'!$H$2:$H$73)*('Fase de Grupos'!$F$2:$F$73='Fase de Grupos'!$H$2:$H$73)) -> 1 | F76: =SUMPRODUCT(('Fase de Grupos'!$E$2:$E$73=$B76)*ISNUMBER('Fase de Grupos'!$F$2:$F$73)*ISNUMBER('Fase de Grupos'!$H$2:$H$73)*('Fase de Grupos'!$F$2:$F$73<'Fase de Grupos'!$H$2:$H$73))+SUMPRODUCT(('Fase de Grupos'!$I$2:$I$73=$B76)*ISNUMBER('Fase de Grupos'!$F$2:$F$73)*ISNUMBER('Fase de Grupos'!$H$2:$H$73)*('Fase de Grupos'!$H$2:$H$73<'Fase de Grupos'!$F$2:$F$73)) -> 0 | G76: =SUMPRODUCT(('Fase de Grupos'!$E$2:$E$73=$B76)*ISNUMBER('Fase de Grupos'!$F$2:$F$73)*ISNUMBER('Fase de Grupos'!$H$2:$H$73)*'Fase de Grupos'!$F$2:$F$73)+SUMPRODUCT(('Fase de Grupos'!$I$2:$I$73=$B76)*ISNUMBER('Fase de Grupos'!$F$2:$F$73)*ISNUMBER('Fase de Grupos'!$H$2:$H$73)*'Fase de Grupos'!$H$2:$H$73) -> 4 | H76: =SUMPRODUCT(('Fase de Grupos'!$E$2:$E$73=$B76)*ISNUMBER('Fase de Grupos'!$F$2:$F$73)*ISNUMBER('Fase de Grupos'!$H$2:$H$73)*'Fase de Grupos'!$H$2:$H$73)+SUMPRODUCT(('Fase de Grupos'!$I$2:$I$73=$B76)*ISNUMBER('Fase de Grupos'!$F$2:$F$73)*ISNUMBER('Fase de Grupos'!$H$2:$H$73)*'Fase de Grupos'!$F$2:$F$73) -> 1 | I76: =G76-H76 -> 3 | J76: =D76*3+E76 -> 7
A78: Grupo L
A79: Pos | B79: Seleção | C79: J | D79: V | E79: E | F79: D | G79: GP | H79: GC | I79: SG | J79: PTS
A80: 1 | B80: Inglaterra | C80: =SUMPRODUCT(('Fase de Grupos'!$E$2:$E$73=$B80)*ISNUMBER('Fase de Grupos'!$F$2:$F$73)*ISNUMBER('Fase de Grupos'!$H$2:$H$73))+SUMPRODUCT(('Fase de Grupos'!$I$2:$I$73=$B80)*ISNUMBER('Fase de Grupos'!$F$2:$F$73)*ISNUMBER('Fase de Grupos'!$H$2:$H$73)) -> 3 | D80: =SUMPRODUCT(('Fase de Grupos'!$E$2:$E$73=$B80)*ISNUMBER('Fase de Grupos'!$F$2:$F$73)*ISNUMBER('Fase de Grupos'!$H$2:$H$73)*('Fase de Grupos'!$F$2:$F$73>'Fase de Grupos'!$H$2:$H$73))+SUMPRODUCT(('Fase de Grupos'!$I$2:$I$73=$B80)*ISNUMBER('Fase de Grupos'!$F$2:$F$73)*ISNUMBER('Fase de Grupos'!$H$2:$H$73)*('Fase de Grupos'!$H$2:$H$73>'Fase de Grupos'!$F$2:$F$73)) -> 2 | E80: =SUMPRODUCT(('Fase de Grupos'!$E$2:$E$73=$B80)*ISNUMBER('Fase de Grupos'!$F$2:$F$73)*ISNUMBER('Fase de Grupos'!$H$2:$H$73)*('Fase de Grupos'!$F$2:$F$73='Fase de Grupos'!$H$2:$H$73))+SUMPRODUCT(('Fase de Grupos'!$I$2:$I$73=$B80)*ISNUMBER('Fase de Grupos'!$F$2:$F$73)*ISNUMBER('Fase de Grupos'!$H$2:$H$73)*('Fase de Grupos'!$F$2:$F$73='Fase de Grupos'!$H$2:$H$73)) -> 1 | F80: =SUMPRODUCT(('Fase de Grupos'!$E$2:$E$73=$B80)*ISNUMBER('Fase de Grupos'!$F$2:$F$73)*ISNUMBER('Fase de Grupos'!$H$2:$H$73)*('Fase de Grupos'!$F$2:$F$73<'Fase de Grupos'!$H$2:$H$73))+SUMPRODUCT(('Fase de Grupos'!$I$2:$I$73=$B80)*ISNUMBER('Fase de Grupos'!$F$2:$F$73)*ISNUMBER('Fase de Grupos'!$H$2:$H$73)*('Fase de Grupos'!$H$2:$H$73<'Fase de Grupos'!$F$2:$F$73)) -> 0 | G80: =SUMPRODUCT(('Fase de Grupos'!$E$2:$E$73=$B80)*ISNUMBER('Fase de Grupos'!$F$2:$F$73)*ISNUMBER('Fase de Grupos'!$H$2:$H$73)*'Fase de Grupos'!$F$2:$F$73)+SUMPRODUCT(('Fase de Grupos'!$I$2:$I$73=$B80)*ISNUMBER('Fase de Grupos'!$F$2:$F$73)*ISNUMBER('Fase de Grupos'!$H$2:$H$73)*'Fase de Grupos'!$H$2:$H$73) -> 6 | H80: =SUMPRODUCT(('Fase de Grupos'!$E$2:$E$73=$B80)*ISNUMBER('Fase de Grupos'!$F$2:$F$73)*ISNUMBER('Fase de Grupos'!$H$2:$H$73)*'Fase de Grupos'!$H$2:$H$73)+SUMPRODUCT(('Fase de Grupos'!$I$2:$I$73=$B80)*ISNUMBER('Fase de Grupos'!$F$2:$F$73)*ISNUMBER('Fase de Grupos'!$H$2:$H$73)*'Fase de Grupos'!$F$2:$F$73) -> 2 | I80: =G80-H80 -> 4 | J80: =D80*3+E80 -> 7
A81: 2 | B81: Croácia | C81: =SUMPRODUCT(('Fase de Grupos'!$E$2:$E$73=$B81)*ISNUMBER('Fase de Grupos'!$F$2:$F$73)*ISNUMBER('Fase de Grupos'!$H$2:$H$73))+SUMPRODUCT(('Fase de Grupos'!$I$2:$I$73=$B81)*ISNUMBER('Fase de Grupos'!$F$2:$F$73)*ISNUMBER('Fase de Grupos'!$H$2:$H$73)) -> 3 | D81: =SUMPRODUCT(('Fase de Grupos'!$E$2:$E$73=$B81)*ISNUMBER('Fase de Grupos'!$F$2:$F$73)*ISNUMBER('Fase de Grupos'!$H$2:$H$73)*('Fase de Grupos'!$F$2:$F$73>'Fase de Grupos'!$H$2:$H$73))+SUMPRODUCT(('Fase de Grupos'!$I$2:$I$73=$B81)*ISNUMBER('Fase de Grupos'!$F$2:$F$73)*ISNUMBER('Fase de Grupos'!$H$2:$H$73)*('Fase de Grupos'!$H$2:$H$73>'Fase de Grupos'!$F$2:$F$73)) -> 2 | E81: =SUMPRODUCT(('Fase de Grupos'!$E$2:$E$73=$B81)*ISNUMBER('Fase de Grupos'!$F$2:$F$73)*ISNUMBER('Fase de Grupos'!$H$2:$H$73)*('Fase de Grupos'!$F$2:$F$73='Fase de Grupos'!$H$2:$H$73))+SUMPRODUCT(('Fase de Grupos'!$I$2:$I$73=$B81)*ISNUMBER('Fase de Grupos'!$F$2:$F$73)*ISNUMBER('Fase de Grupos'!$H$2:$H$73)*('Fase de Grupos'!$F$2:$F$73='Fase de Grupos'!$H$2:$H$73)) -> 0 | F81: =SUMPRODUCT(('Fase de Grupos'!$E$2:$E$73=$B81)*ISNUMBER('Fase de Grupos'!$F$2:$F$73)*ISNUMBER('Fase de Grupos'!$H$2:$H$73)*('Fase de Grupos'!$F$2:$F$73<'Fase de Grupos'!$H$2:$H$73))+SUMPRODUCT(('Fase de Grupos'!$I$2:$I$73=$B81)*ISNUMBER('Fase de Grupos'!$F$2:$F$73)*ISNUMBER('Fase de Grupos'!$H$2:$H$73)*('Fase de Grupos'!$H$2:$H$73<'Fase de Grupos'!$F$2:$F$73)) -> 1 | G81: =SUMPRODUCT(('Fase de Grupos'!$E$2:$E$73=$B81)*ISNUMBER('Fase de Grupos'!$F$2:$F$73)*ISNUMBER('Fase de Grupos'!$H$2:$H$73)*'Fase de Grupos'!$F$2:$F$73)+SUMPRODUCT(('Fase de Grupos'!$I$2:$I$73=$B81)*ISNUMBER('Fase de Grupos'!$F$2:$F$73)*ISNUMBER('Fase de Grupos'!$H$2:$H$73)*'Fase de Grupos'!$H$2:$H$73) -> 5 | H81: =SUMPRODUCT(('Fase de Grupos'!$E$2:$E$73=$B81)*ISNUMBER('Fase de Grupos'!$F$2:$F$73)*ISNUMBER('Fase de Grupos'!$H$2:$H$73)*'Fase de Grupos'!$H$2:$H$73)+SUMPRODUCT(('Fase de Grupos'!$I$2:$I$73=$B81)*ISNUMBER('Fase de Grupos'!$F$2:$F$73)*ISNUMBER('Fase de Grupos'!$H$2:$H$73)*'Fase de Grupos'!$F$2:$F$73) -> 5 | I81: =G81-H81 -> 0 | J81: =D81*3+E81 -> 6
A82: 3 | B82: Panamá | C82: =SUMPRODUCT(('Fase de Grupos'!$E$2:$E$73=$B82)*ISNUMBER('Fase de Grupos'!$F$2:$F$73)*ISNUMBER('Fase de Grupos'!$H$2:$H$73))+SUMPRODUCT(('Fase de Grupos'!$I$2:$I$73=$B82)*ISNUMBER('Fase de Grupos'!$F$2:$F$73)*ISNUMBER('Fase de Grupos'!$H$2:$H$73)) -> 3 | D82: =SUMPRODUCT(('Fase de Grupos'!$E$2:$E$73=$B82)*ISNUMBER('Fase de Grupos'!$F$2:$F$73)*ISNUMBER('Fase de Grupos'!$H$2:$H$73)*('Fase de Grupos'!$F$2:$F$73>'Fase de Grupos'!$H$2:$H$73))+SUMPRODUCT(('Fase de Grupos'!$I$2:$I$73=$B82)*ISNUMBER('Fase de Grupos'!$F$2:$F$73)*ISNUMBER('Fase de Grupos'!$H$2:$H$73)*('Fase de Grupos'!$H$2:$H$73>'Fase de Grupos'!$F$2:$F$73)) -> 0 | E82: =SUMPRODUCT(('Fase de Grupos'!$E$2:$E$73=$B82)*ISNUMBER('Fase de Grupos'!$F$2:$F$73)*ISNUMBER('Fase de Grupos'!$H$2:$H$73)*('Fase de Grupos'!$F$2:$F$73='Fase de Grupos'!$H$2:$H$73))+SUMPRODUCT(('Fase de Grupos'!$I$2:$I$73=$B82)*ISNUMBER('Fase de Grupos'!$F$2:$F$73)*ISNUMBER('Fase de Grupos'!$H$2:$H$73)*('Fase de Grupos'!$F$2:$F$73='Fase de Grupos'!$H$2:$H$73)) -> 0 | F82: =SUMPRODUCT(('Fase de Grupos'!$E$2:$E$73=$B82)*ISNUMBER('Fase de Grupos'!$F$2:$F$73)*ISNUMBER('Fase de Grupos'!$H$2:$H$73)*('Fase de Grupos'!$F$2:$F$73<'Fase de Grupos'!$H$2:$H$73))+SUMPRODUCT(('Fase de Grupos'!$I$2:$I$73=$B82)*ISNUMBER('Fase de Grupos'!$F$2:$F$73)*ISNUMBER('Fase de Grupos'!$H$2:$H$73)*('Fase de Grupos'!$H$2:$H$73<'Fase de Grupos'!$F$2:$F$73)) -> 3 | G82: =SUMPRODUCT(('Fase de Grupos'!$E$2:$E$73=$B82)*ISNUMBER('Fase de Grupos'!$F$2:$F$73)*ISNUMBER('Fase de Grupos'!$H$2:$H$73)*'Fase de Grupos'!$F$2:$F$73)+SUMPRODUCT(('Fase de Grupos'!$I$2:$I$73=$B82)*ISNUMBER('Fase de Grupos'!$F$2:$F$73)*ISNUMBER('Fase de Grupos'!$H$2:$H$73)*'Fase de Grupos'!$H$2:$H$73) -> 0 | H82: =SUMPRODUCT(('Fase de Grupos'!$E$2:$E$73=$B82)*ISNUMBER('Fase de Grupos'!$F$2:$F$73)*ISNUMBER('Fase de Grupos'!$H$2:$H$73)*'Fase de Grupos'!$H$2:$H$73)+SUMPRODUCT(('Fase de Grupos'!$I$2:$I$73=$B82)*ISNUMBER('Fase de Grupos'!$F$2:$F$73)*ISNUMBER('Fase de Grupos'!$H$2:$H$73)*'Fase de Grupos'!$F$2:$F$73) -> 4 | I82: =G82-H82 -> -4 | J82: =D82*3+E82 -> 0
A83: 4 | B83: Gana | C83: =SUMPRODUCT(('Fase de Grupos'!$E$2:$E$73=$B83)*ISNUMBER('Fase de Grupos'!$F$2:$F$73)*ISNUMBER('Fase de Grupos'!$H$2:$H$73))+SUMPRODUCT(('Fase de Grupos'!$I$2:$I$73=$B83)*ISNUMBER('Fase de Grupos'!$F$2:$F$73)*ISNUMBER('Fase de Grupos'!$H$2:$H$73)) -> 3 | D83: =SUMPRODUCT(('Fase de Grupos'!$E$2:$E$73=$B83)*ISNUMBER('Fase de Grupos'!$F$2:$F$73)*ISNUMBER('Fase de Grupos'!$H$2:$H$73)*('Fase de Grupos'!$F$2:$F$73>'Fase de Grupos'!$H$2:$H$73))+SUMPRODUCT(('Fase de Grupos'!$I$2:$I$73=$B83)*ISNUMBER('Fase de Grupos'!$F$2:$F$73)*ISNUMBER('Fase de Grupos'!$H$2:$H$73)*('Fase de Grupos'!$H$2:$H$73>'Fase de Grupos'!$F$2:$F$73)) -> 1 | E83: =SUMPRODUCT(('Fase de Grupos'!$E$2:$E$73=$B83)*ISNUMBER('Fase de Grupos'!$F$2:$F$73)*ISNUMBER('Fase de Grupos'!$H$2:$H$73)*('Fase de Grupos'!$F$2:$F$73='Fase de Grupos'!$H$2:$H$73))+SUMPRODUCT(('Fase de Grupos'!$I$2:$I$73=$B83)*ISNUMBER('Fase de Grupos'!$F$2:$F$73)*ISNUMBER('Fase de Grupos'!$H$2:$H$73)*('Fase de Grupos'!$F$2:$F$73='Fase de Grupos'!$H$2:$H$73)) -> 1 | F83: =SUMPRODUCT(('Fase de Grupos'!$E$2:$E$73=$B83)*ISNUMBER('Fase de Grupos'!$F$2:$F$73)*ISNUMBER('Fase de Grupos'!$H$2:$H$73)*('Fase de Grupos'!$F$2:$F$73<'Fase de Grupos'!$H$2:$H$73))+SUMPRODUCT(('Fase de Grupos'!$I$2:$I$73=$B83)*ISNUMBER('Fase de Grupos'!$F$2:$F$73)*ISNUMBER('Fase de Grupos'!$H$2:$H$73)*('Fase de Grupos'!$H$2:$H$73<'Fase de Grupos'!$F$2:$F$73)) -> 1 | G83: =SUMPRODUCT(('Fase de Grupos'!$E$2:$E$73=$B83)*ISNUMBER('Fase de Grupos'!$F$2:$F$73)*ISNUMBER('Fase de Grupos'!$H$2:$H$73)*'Fase de Grupos'!$F$2:$F$73)+SUMPRODUCT(('Fase de Grupos'!$I$2:$I$73=$B83)*ISNUMBER('Fase de Grupos'!$F$2:$F$73)*ISNUMBER('Fase de Grupos'!$H$2:$H$73)*'Fase de Grupos'!$H$2:$H$73) -> 2 | H83: =SUMPRODUCT(('Fase de Grupos'!$E$2:$E$73=$B83)*ISNUMBER('Fase de Grupos'!$F$2:$F$73)*ISNUMBER('Fase de Grupos'!$H$2:$H$73)*'Fase de Grupos'!$H$2:$H$73)+SUMPRODUCT(('Fase de Grupos'!$I$2:$I$73=$B83)*ISNUMBER('Fase de Grupos'!$F$2:$F$73)*ISNUMBER('Fase de Grupos'!$H$2:$H$73)*'Fase de Grupos'!$F$2:$F$73) -> 2 | I83: =G83-H83 -> 0 | J83: =D83*3+E83 -> 4

Sheet Mata-Mata
A1: Jogo # | B1: Fase | C1: Data | D1: Seleção 1 | E1: Gols 1 | F1: x | G1: Gols 2 | H1: Seleção 2 | I1: Cidade/Estádio | J1: Horário (BRT)
A2: 73 | B2: 16 avos | C2: 28/06 | D2: Àfrica do Sul | E2: 0 | F2: x | G2: 1 | H2: Canadá | I2: Los Angeles | J2: 0.66666667
A3: 74 | B3: 16 avos | C3: 29/06 | D3: Brasil | F3: x | H3: Japão | I3: Boston | J3: 0.58333333
A4: 75 | B4: 16 avos | C4: 29/06 | D4: Alemanha | F4: x | H4: Paraguai | I4: Monterrey | J4: 0.72916667
A5: 76 | B5: 16 avos | C5: 29/06 | D5: Holanda | F5: x | H5: Marrocos | I5: Houston | J5: 0.91666667
A6: 77 | B6: 16 avos | C6: 30/06 | D6: Costa do Marfim | F6: x | H6: Noruega | I6: Nova York/NJ | J6: 0.58333333
A7: 78 | B7: 16 avos | C7: 30/06 | D7: França | F7: x | H7: Suécia | I7: Dallas | J7: 0.75
A8: 79 | B8: 16 avos | C8: 30/06 | D8: México | F8: x | H8: Equador | I8: Cidade do México | J8: 0.91666667
A9: 80 | B9: 16 avos | C9: 01/07 | D9: Inglaterra | F9: x | H9: Congo | I9: Atlanta | J9: 0.54166667
A10: 81 | B10: 16 avos | C10: 01/07 | D10: Bélgica | F10: x | H10: Senegal | I10: San Francisco | J10: 0.70833333
A11: 82 | B11: 16 avos | C11: 01/07 | D11: Estados Unidos | F11: x | H11: Bósnia Herzegovina | I11: Seattle | J11: 0.875
A12: 83 | B12: 16 avos | C12: 02/07 | D12: Espanha | F12: x | H12: Áustria | I12: Toronto | J12: 0.66666667
A13: 84 | B13: 16 avos | C13: 02/07 | D13: Portugal | F13: x | H13: Croácia | I13: Los Angeles | J13: 0.83333333
A14: 85 | B14: 16 avos | C14: 03/07 | D14: Suíça | F14: x | H14: Argélia | I14: Vancouver | J14: 0
... A17: 88 | B17: 16 avos | C17: 03/07 | D17: Colômbia | F17: x | H17: Gana | I17: Dallas | J17: 0.9375
A18: 89 | B18: Oitavas | C18: 04/07 | D18: A definir | F18: x | H18: A definir | I18: Filadélfia
A19: 90 | B19: Oitavas | C19: 04/07 | D19: A definir | F19: x | H19: A definir | I19: Houston
A20: 91 | B20: Oitavas | C20: 05/07 | D20: A definir | F20: x | H20: A definir | I20: Nova York/NJ
A21: 92 | B21: Oitavas | C21: 05/07 | D21: A definir | F21: x | H21: A definir | I21: Cidade do México
A22: 93 | B22: Oitavas | C22: 06/07 | D22: A definir | F22: x | H22: A definir | I22: Dallas
A23: 94 | B23: Oitavas | C23: 06/07 | D23: A definir | F23: x | H23: A definir | I23: Seattle
A24: 95 | B24: Oitavas | C24: 07/07 | D24: A definir | F24: x | H24: A definir | I24: Atlanta
A25: 96 | B25: Oitavas | C25: 07/07 | D25: A definir | F25: x | H25: A definir | I25: Vancouver
A26: 97 | B26: Quartas | C26: 09/07 | D26: A definir | F26: x | H26: A definir | I26: Boston
A27: 98 | B27: Quartas | C27: 10/07 | D27: A definir | F27: x | H27: A definir | I27: Los Angeles
A28: 99 | B28: Quartas | C28: 11/07 | D28: A definir | F28: x | H28: A definir | I28: Miami
A29: 100 | B29: Quartas | C29: 11/07 | D29: A definir | F29: x | H29: A definir | I29: Kansas City
... A33: 104 | B33: FINAL | C33: 19/07 | D33: A definir | F33: x | H33: A definir | I33: Nova York/NJ

Sheet Palpites - Cosman
A1: Jogo # | B1: Data | C1: Grupo | D1: Seleção 1 | E1: Palpite 1 | F1: x | G1: Palpite 2 | H1: Seleção 2 | I1: Resultado | J1: Pontos
A2: 1 | B2: 11/06 | C2: Grupo A | D2: México | E2: 10 | F2: x | G2: 10 | H2: África do Sul | I2: =IF(OR(E2="",G2="",'Fase de Grupos'!F2="",'Fase de Grupos'!H2=""),"⏳",IF(AND(E2='Fase de Grupos'!F2,G2='Fase de Grupos'!H2),"✅ Placar exato!",IF(SIGN(E2-G2)=SIGN('Fase de Grupos'!F2-'Fase de Grupos'!H2),"🟡 Acertou resultado","❌ Errou"))) -> ❌ Errou | J2: =IF(OR(E2="",G2="",'Fase de Grupos'!F2="",'Fase de Grupos'!H2=""),"",IF(AND(E2='Fase de Grupos'!F2,G2='Fase de Grupos'!H2),5,IF(SIGN(E2-G2)=SIGN('Fase de Grupos'!F2-'Fase de Grupos'!H2),3,0))) -> 0
A3: 2 | B3: 11/06 | C3: Grupo A | D3: Coreia do Sul | E3: 10 | F3: x | G3: 10 | H3: República Tcheca | I3: =IF(OR(E3="",G3="",'Fase de Grupos'!F3="",'Fase de Grupos'!H3=""),"⏳",IF(AND(E3='Fase de Grupos'!F3,G3='Fase de Grupos'!H3),"✅ Placar exato!",IF(SIGN(E3-G3)=SIGN('Fase de Grupos'!F3-'Fase de Grupos'!H3),"🟡 Acertou resultado","❌ Errou"))) -> ❌ Errou | J3: =IF(OR(E3="",G3="",'Fase de Grupos'!F3="",'Fase de Grupos'!H3=""),"",IF(AND(E3='Fase de Grupos'!F3,G3='Fase de Grupos'!H3),5,IF(SIGN(E3-G3)=SIGN('Fase de Grupos'!F3-'Fase de Grupos'!H3),3,0))) -> 0
A4: 3 | B4: 12/06 | C4: Grupo B | D4: Canadá | E4: 10 | F4: x | G4: 11 | H4: Bósnia e Herzegovina | I4: =IF(OR(E4="",G4="",'Fase de Grupos'!F4="",'Fase de Grupos'!H4=""),"⏳",IF(AND(E4='Fase de Grupos'!F4,G4='Fase de Grupos'!H4),"✅ Placar exato!",IF(SIGN(E4-G4)=SIGN('Fase de Grupos'!F4-'Fase de Grupos'!H4),"🟡 Acertou resultado","❌ Errou"))) -> ❌ Errou | J4: =IF(OR(E4="",G4="",'Fase de Grupos'!F4="",'Fase de Grupos'!H4=""),"",IF(AND(E4='Fase de Grupos'!F4,G4='Fase de Grupos'!H4),5,IF(SIGN(E4-G4)=SIGN('Fase de Grupos'!F4-'Fase de Grupos'!H4),3,0))) -> 0
A5: 4 | B5: 12/06 | C5: Grupo D | D5: EUA | E5: 10 | F5: x | G5: 10 | H5: Paraguai | I5: =IF(OR(E5="",G5="",'Fase de Grupos'!F5="",'Fase de Grupos'!H5=""),"⏳",IF(AND(E5='Fase de Grupos'!F5,G5='Fase de Grupos'!H5),"✅ Placar exato!",IF(SIGN(E5-G5)=SIGN('Fase de Grupos'!F5-'Fase de Grupos'!H5),"🟡 Acertou resultado","❌ Errou"))) -> ❌ Errou | J5: =IF(OR(E5="",G5="",'Fase de Grupos'!F5="",'Fase de Grupos'!H5=""),"",IF(AND(E5='Fase de Grupos'!F5,G5='Fase de Grupos'!H5),5,IF(SIGN(E5-G5)=SIGN('Fase de Grupos'!F5-'Fase de Grupos'!H5),3,0))) -> 0
A6: 5 | B6: 13/06 | C6: Grupo B | D6: Catar | E6: 10 | F6: x | G6: 11 | H6: Suíça | I6: =IF(OR(E6="",G6="",'Fase de Grupos'!F6="",'Fase de Grupos'!H6=""),"⏳",IF(AND(E6='Fase de Grupos'!F6,G6='Fase de Grupos'!H6),"✅ Placar exato!",IF(SIGN(E6-G6)=SIGN('Fase de Grupos'!F6-'Fase de Grupos'!H6),"🟡 Acertou resultado","❌ Errou"))) -> ❌ Errou | J6: =IF(OR(E6="",G6="",'Fase de Grupos'!F6="",'Fase de Grupos'!H6=""),"",IF(AND(E6='Fase de Grupos'!F6,G6='Fase de Grupos'!H6),5,IF(SIGN(E6-G6)=SIGN('Fase de Grupos'!F6-'Fase de Grupos'!H6),3,0))) -> 0
A7: 6 | B7: 13/06 | C7: Grupo C | D7: Brasil | E7: 10 | F7: x | G7: 11 | H7: Marrocos | I7: =IF(OR(E7="",G7="",'Fase de Grupos'!F7="",'Fase de Grupos'!H7=""),"⏳",IF(AND(E7='Fase de Grupos'!F7,G7='Fase de Grupos'!H7),"✅ Placar exato!",IF(SIGN(E7-G7)=SIGN('Fase de Grupos'!F7-'Fase de Grupos'!H7),"🟡 Acertou resultado","❌ Errou"))) -> ❌ Errou | J7: =IF(OR(E7="",G7="",'Fase de Grupos'!F7="",'Fase de Grupos'!H7=""),"",IF(AND(E7='Fase de Grupos'!F7,G7='Fase de Grupos'!H7),5,IF(SIGN(E7-G7)=SIGN('Fase de Grupos'!F7-'Fase de Grupos'!H7),3,0))) -> 0
A8: 7 | B8: 13/06 | C8: Grupo C | D8: Haiti | E8: 10 | F8: x | G8: 10 | H8: Escócia | I8: =IF(OR(E8="",G8="",'Fase de Grupos'!F8="",'Fase de Grupos'!H8=""),"⏳",IF(AND(E8='Fase de Grupos'!F8,G8='Fase de Grupos'!H8),"✅ Placar exato!",IF(SIGN(E8-G8)=SIGN('Fase de Grupos'!F8-'Fase de Grupos'!H8),"🟡 Acertou resultado","❌ Errou"))) -> ❌ Errou | J8: =IF(OR(E8="",G8="",'Fase de Grupos'!F8="",'Fase de Grupos'!H8=""),"",IF(AND(E8='Fase de Grupos'!F8,G8='Fase de Grupos'!H8),5,IF(SIGN(E8-G8)=SIGN('Fase de Grupos'!F8-'Fase de Grupos'!H8),3,0))) -> 0
A9: 8 | B9: 14/06 | C9: Grupo D | D9: Austrália | E9: 10 | F9: x | G9: 10 | H9: Turquia | I9: =IF(OR(E9="",G9="",'Fase de Grupos'!F9="",'Fase de Grupos'!H9=""),"⏳",IF(AND(E9='Fase de Grupos'!F9,G9='Fase de Grupos'!H9),"✅ Placar exato!",IF(SIGN(E9-G9)=SIGN('Fase de Grupos'!F9-'Fase de Grupos'!H9),"🟡 Acertou resultado","❌ Errou"))) -> ❌ Errou | J9: =IF(OR(E9="",G9="",'Fase de Grupos'!F9="",'Fase de Grupos'!H9=""),"",IF(AND(E9='Fase de Grupos'!F9,G9='Fase de Grupos'!H9),5,IF(SIGN(E9-G9)=SIGN('Fase de Grupos'!F9-'Fase de Grupos'!H9),3,0))) -> 0
A10: 9 | B10: 14/06 | C10: Grupo E | D10: Alemanha | E10: 10 | F10: x | G10: 10 | H10: Curaçao | I10: =IF(OR(E10="",G10="",'Fase de Grupos'!F10="",'Fase de Grupos'!H10=""),"⏳",IF(AND(E10='Fase de Grupos'!F10,G10='Fase de Grupos'!H10),"✅ Placar exato!",IF(SIGN(E10-G10)=SIGN('Fase de Grupos'!F10-'Fase de Grupos'!H10),"🟡 Acertou resultado","❌ Errou"))) -> ❌ Errou | J10: =IF(OR(E10="",G10="",'Fase de Grupos'!F10="",'Fase de Grupos'!H10=""),"",IF(AND(E10='Fase de Grupos'!F10,G10='Fase de Grupos'!H10),5,IF(SIGN(E10-G10)=SIGN('Fase de Grupos'!F10-'Fase de Grupos'!H10),3,0))) -> 0
A11: 10 | B11: 14/06 | C11: Grupo F | D11: Holanda | E11: 10 | F11: x | G11: 11 | H11: Japão | I11: =IF(OR(E11="",G11="",'Fase de Grupos'!F11="",'Fase de Grupos'!H11=""),"⏳",IF(AND(E11='Fase de Grupos'!F11,G11='Fase de Grupos'!H11),"✅ Placar exato!",IF(SIGN(E11-G11)=SIGN('Fase de Grupos'!F11-'Fase de Grupos'!H11),"🟡 Acertou resultado","❌ Errou"))) -> ❌ Errou | J11: =IF(OR(E11="",G11="",'Fase de Grupos'!F11="",'Fase de Grupos'!H11=""),"",IF(AND(E11='Fase de Grupos'!F11,G11='Fase de Grupos'!H11),5,IF(SIGN(E11-G11)=SIGN('Fase de Grupos'!F11-'Fase de Grupos'!H11),3,0))) -> 0
A12: 11 | B12: 14/06 | C12: Grupo E | D12: Costa do Marfim | E12: 10 | F12: x | G12: 10 | H12: Equador | I12: =IF(OR(E12="",G12="",'Fase de Grupos'!F12="",'Fase de Grupos'!H12=""),"⏳",IF(AND(E12='Fase de Grupos'!F12,G12='Fase de Grupos'!H12),"✅ Placar exato!",IF(SIGN(E12-G12)=SIGN('Fase de Grupos'!F12-'Fase de Grupos'!H12),"🟡 Acertou resultado","❌ Errou"))) -> ❌ Errou | J12: =IF(OR(E12="",G12="",'Fase de Grupos'!F12="",'Fase de Grupos'!H12=""),"",IF(AND(E12='Fase de Grupos'!F12,G12='Fase de Grupos'!H12),5,IF(SIGN(E12-G12)=SIGN('Fase de Grupos'!F12-'Fase de Grupos'!H12),3,0))) -> 0
A13: 12 | B13: 14/06 | C13: Grupo F | D13: Suécia | E13: 10 | F13: x | G13: 10 | H13: Tunísia | I13: =IF(OR(E13="",G13="",'Fase de Grupos'!F13="",'Fase de Grupos'!H13=""),"⏳",IF(AND(E13='Fase de Grupos'!F13,G13='Fase de Grupos'!H13),"✅ Placar exato!",IF(SIGN(E13-G13)=SIGN('Fase de Grupos'!F13-'Fase de Grupos'!H13),"🟡 Acertou resultado","❌ Errou"))) -> ❌ Errou | J13: =IF(OR(E13="",G13="",'Fase de Grupos'!F13="",'Fase de Grupos'!H13=""),"",IF(AND(E13='Fase de Grupos'!F13,G13='Fase de Grupos'!H13),5,IF(SIGN(E13-G13)=SIGN('Fase de Grupos'!F13-'Fase de Grupos'!H13),3,0))) -> 0
... A73: 72 | B73: 27/06 | C73: Grupo K | D73: RD Congo | E73: 3 | F73: x | G73: 0 | H73: Uzbequistão | I73: =IF(OR(E73="",G73="",'Fase de Grupos'!F73="",'Fase de Grupos'!H73=""),"⏳",IF(AND(E73='Fase de Grupos'!F73,G73='Fase de Grupos'!H73),"✅ Placar exato!",IF(SIGN(E73-G73)=SIGN('Fase de Grupos'!F73-'Fase de Grupos'!H73),"🟡 Acertou resultado","❌ Errou"))) -> 🟡 Acertou resultado | J73: =IF(OR(E73="",G73="",'Fase de Grupos'!F73="",'Fase de Grupos'!H73=""),"",IF(AND(E73='Fase de Grupos'!F73,G73='Fase de Grupos'!H73),5,IF(SIGN(E73-G73)=SIGN('Fase de Grupos'!F73-'Fase de Grupos'!H73),3,0))) -> 3
H74: TOTAL DE PONTOS → | J74: =SUM(J2:J73) -> 115
H75: Pontuação máxima possível → | J75: 360
D77: 🏆 REGRAS DE PONTUAÇÃO DO BOLÃO
D79: Tipo de Acerto | E79: Símbolo | F79: Pontos
D80: Placar exato (ex: 2x1 = 2x1) | E80: ✅ | F80: 5 pontos
D81: Acertou resultado (vencedor/empate) | E81: 🟡 | F81: 3 pontos
D82: Errou o resultado | E82: ❌ | F82: 0 pontos
D83: Aguardando resultado/palpite | E83: ⏳ | F83: —

Sheet Palpites - Nataniele
A1: Jogo # | B1: Data | C1: Grupo | D1: Seleção 1 | E1: Palpite 1 | F1: x | G1: Palpite 2 | H1: Seleção 2 | I1: Resultado | J1: Pontos
A2: 1 | B2: 11/06 | C2: Grupo A | D2: México | E2: 10 | F2: x | G2: 10 | H2: África do Sul | I2: =IF(OR(E2="",G2="",'Fase de Grupos'!F2="",'Fase de Grupos'!H2=""),"⏳",IF(AND(E2='Fase de Grupos'!F2,G2='Fase de Grupos'!H2),"✅ Placar exato!",IF(SIGN(E2-G2)=SIGN('Fase de Grupos'!F2-'Fase de Grupos'!H2),"🟡 Acertou resultado","❌ Errou"))) -> ❌ Errou | J2: =IF(OR(E2="",G2="",'Fase de Grupos'!F2="",'Fase de Grupos'!H2=""),"",IF(AND(E2='Fase de Grupos'!F2,G2='Fase de Grupos'!H2),5,IF(SIGN(E2-G2)=SIGN('Fase de Grupos'!F2-'Fase de Grupos'!H2),3,0))) -> 0
A3: 2 | B3: 11/06 | C3: Grupo A | D3: Coreia do Sul | E3: 10 | F3: x | G3: 10 | H3: República Tcheca | I3: =IF(OR(E3="",G3="",'Fase de Grupos'!F3="",'Fase de Grupos'!H3=""),"⏳",IF(AND(E3='Fase de Grupos'!F3,G3='Fase de Grupos'!H3),"✅ Placar exato!",IF(SIGN(E3-G3)=SIGN('Fase de Grupos'!F3-'Fase de Grupos'!H3),"🟡 Acertou resultado","❌ Errou"))) -> ❌ Errou | J3: =IF(OR(E3="",G3="",'Fase de Grupos'!F3="",'Fase de Grupos'!H3=""),"",IF(AND(E3='Fase de Grupos'!F3,G3='Fase de Grupos'!H3),5,IF(SIGN(E3-G3)=SIGN('Fase de Grupos'!F3-'Fase de Grupos'!H3),3,0))) -> 0
A4: 3 | B4: 12/06 | C4: Grupo B | D4: Canadá | E4: 10 | F4: x | G4: 11 | H4: Bósnia e Herzegovina | I4: =IF(OR(E4="",G4="",'Fase de Grupos'!F4="",'Fase de Grupos'!H4=""),"⏳",IF(AND(E4='Fase de Grupos'!F4,G4='Fase de Grupos'!H4),"✅ Placar exato!",IF(SIGN(E4-G4)=SIGN('Fase de Grupos'!F4-'Fase de Grupos'!H4),"🟡 Acertou resultado","❌ Errou"))) -> ❌ Errou | J4: =IF(OR(E4="",G4="",'Fase de Grupos'!F4="",'Fase de Grupos'!H4=""),"",IF(AND(E4='Fase de Grupos'!F4,G4='Fase de Grupos'!H4),5,IF(SIGN(E4-G4)=SIGN('Fase de Grupos'!F4-'Fase de Grupos'!H4),3,0))) -> 0
A5: 4 | B5: 12/06 | C5: Grupo D | D5: EUA | E5: 10 | F5: x | G5: 10 | H5: Paraguai | I5: =IF(OR(E5="",G5="",'Fase de Grupos'!F5="",'Fase de Grupos'!H5=""),"⏳",IF(AND(E5='Fase de Grupos'!F5,G5='Fase de Grupos'!H5),"✅ Placar exato!",IF(SIGN(E5-G5)=SIGN('Fase de Grupos'!F5-'Fase de Grupos'!H5),"🟡 Acertou resultado","❌ Errou"))) -> ❌ Errou | J5: =IF(OR(E5="",G5="",'Fase de Grupos'!F5="",'Fase de Grupos'!H5=""),"",IF(AND(E5='Fase de Grupos'!F5,G5='Fase de Grupos'!H5),5,IF(SIGN(E5-G5)=SIGN('Fase de Grupos'!F5-'Fase de Grupos'!H5),3,0))) -> 0
A6: 5 | B6: 13/06 | C6: Grupo B | D6: Catar | E6: 10 | F6: x | G6: 11 | H6: Suíça | I6: =IF(OR(E6="",G6="",'Fase de Grupos'!F6="",'Fase de Grupos'!H6=""),"⏳",IF(AND(E6='Fase de Grupos'!F6,G6='Fase de Grupos'!H6),"✅ Placar exato!",IF(SIGN(E6-G6)=SIGN('Fase de Grupos'!F6-'Fase de Grupos'!H6),"🟡 Acertou resultado","❌ Errou"))) -> ❌ Errou | J6: =IF(OR(E6="",G6="",'Fase de Grupos'!F6="",'Fase de Grupos'!H6=""),"",IF(AND(E6='Fase de Grupos'!F6,G6='Fase de Grupos'!H6),5,IF(SIGN(E6-G6)=SIGN('Fase de Grupos'!F6-'Fase de Grupos'!H6),3,0))) -> 0
A7: 6 | B7: 13/06 | C7: Grupo C | D7: Brasil | E7: 10 | F7: x | G7: 11 | H7: Marrocos | I7: =IF(OR(E7="",G7="",'Fase de Grupos'!F7="",'Fase de Grupos'!H7=""),"⏳",IF(AND(E7='Fase de Grupos'!F7,G7='Fase de Grupos'!H7),"✅ Placar exato!",IF(SIGN(E7-G7)=SIGN('Fase de Grupos'!F7-'Fase de Grupos'!H7),"🟡 Acertou resultado","❌ Errou"))) -> ❌ Errou | J7: =IF(OR(E7="",G7="",'Fase de Grupos'!F7="",'Fase de Grupos'!H7=""),"",IF(AND(E7='Fase de Grupos'!F7,G7='Fase de Grupos'!H7),5,IF(SIGN(E7-G7)=SIGN('Fase de Grupos'!F7-'Fase de Grupos'!H7),3,0))) -> 0
A8: 7 | B8: 13/06 | C8: Grupo C | D8: Haiti | E8: 10 | F8: x | G8: 10 | H8: Escócia | I8: =IF(OR(E8="",G8="",'Fase de Grupos'!F8="",'Fase de Grupos'!H8=""),"⏳",IF(AND(E8='Fase de Grupos'!F8,G8='Fase de Grupos'!H8),"✅ Placar exato!",IF(SIGN(E8-G8)=SIGN('Fase de Grupos'!F8-'Fase de Grupos'!H8),"🟡 Acertou resultado","❌ Errou"))) -> ❌ Errou | J8: =IF(OR(E8="",G8="",'Fase de Grupos'!F8="",'Fase de Grupos'!H8=""),"",IF(AND(E8='Fase de Grupos'!F8,G8='Fase de Grupos'!H8),5,IF(SIGN(E8-G8)=SIGN('Fase de Grupos'!F8-'Fase de Grupos'!H8),3,0))) -> 0
A9: 8 | B9: 14/06 | C9: Grupo D | D9: Austrália | E9: 10 | F9: x | G9: 10 | H9: Turquia | I9: =IF(OR(E9="",G9="",'Fase de Grupos'!F9="",'Fase de Grupos'!H9=""),"⏳",IF(AND(E9='Fase de Grupos'!F9,G9='Fase de Grupos'!H9),"✅ Placar exato!",IF(SIGN(E9-G9)=SIGN('Fase de Grupos'!F9-'Fase de Grupos'!H9),"🟡 Acertou resultado","❌ Errou"))) -> ❌ Errou | J9: =IF(OR(E9="",G9="",'Fase de Grupos'!F9="",'Fase de Grupos'!H9=""),"",IF(AND(E9='Fase de Grupos'!F9,G9='Fase de Grupos'!H9),5,IF(SIGN(E9-G9)=SIGN('Fase de Grupos'!F9-'Fase de Grupos'!H9),3,0))) -> 0
A10: 9 | B10: 14/06 | C10: Grupo E | D10: Alemanha | E10: 10 | F10: x | G10: 10 | H10: Curaçao | I10: =IF(OR(E10="",G10="",'Fase de Grupos'!F10="",'Fase de Grupos'!H10=""),"⏳",IF(AND(E10='Fase de Grupos'!F10,G10='Fase de Grupos'!H10),"✅ Placar exato!",IF(SIGN(E10-G10)=SIGN('Fase de Grupos'!F10-'Fase de Grupos'!H10),"🟡 Acertou resultado","❌ Errou"))) -> ❌ Errou | J10: =IF(OR(E10="",G10="",'Fase de Grupos'!F10="",'Fase de Grupos'!H10=""),"",IF(AND(E10='Fase de Grupos'!F10,G10='Fase de Grupos'!H10),5,IF(SIGN(E10-G10)=SIGN('Fase de Grupos'!F10-'Fase de Grupos'!H10),3,0))) -> 0
A11: 10 | B11: 14/06 | C11: Grupo F | D11: Holanda | E11: 10 | F11: x | G11: 11 | H11: Japão | I11: =IF(OR(E11="",G11="",'Fase de Grupos'!F11="",'Fase de Grupos'!H11=""),"⏳",IF(AND(E11='Fase de Grupos'!F11,G11='Fase de Grupos'!H11),"✅ Placar exato!",IF(SIGN(E11-G11)=SIGN('Fase de Grupos'!F11-'Fase de Grupos'!H11),"🟡 Acertou resultado","❌ Errou"))) -> ❌ Errou | J11: =IF(OR(E11="",G11="",'Fase de Grupos'!F11="",'Fase de Grupos'!H11=""),"",IF(AND(E11='Fase de Grupos'!F11,G11='Fase de Grupos'!H11),5,IF(SIGN(E11-G11)=SIGN('Fase de Grupos'!F11-'Fase de Grupos'!H11),3,0))) -> 0
A12: 11 | B12: 14/06 | C12: Grupo E | D12: Costa do Marfim | E12: 10 | F12: x | G12: 10 | H12: Equador | I12: =IF(OR(E12="",G12="",'Fase de Grupos'!F12="",'Fase de Grupos'!H12=""),"⏳",IF(AND(E12='Fase de Grupos'!F12,G12='Fase de Grupos'!H12),"✅ Placar exato!",IF(SIGN(E12-G12)=SIGN('Fase de Grupos'!F12-'Fase de Grupos'!H12),"🟡 Acertou resultado","❌ Errou"))) -> ❌ Errou | J12: =IF(OR(E12="",G12="",'Fase de Grupos'!F12="",'Fase de Grupos'!H12=""),"",IF(AND(E12='Fase de Grupos'!F12,G12='Fase de Grupos'!H12),5,IF(SIGN(E12-G12)=SIGN('Fase de Grupos'!F12-'Fase de Grupos'!H12),3,0))) -> 0
A13: 12 | B13: 14/06 | C13: Grupo F | D13: Suécia | E13: 10 | F13: x | G13: 10 | H13: Tunísia | I13: =IF(OR(E13="",G13="",'Fase de Grupos'!F13="",'Fase de Grupos'!H13=""),"⏳",IF(AND(E13='Fase de Grupos'!F13,G13='Fase de Grupos'!H13),"✅ Placar exato!",IF(SIGN(E13-G13)=SIGN('Fase de Grupos'!F13-'Fase de Grupos'!H13),"🟡 Acertou resultado","❌ Errou"))) -> ❌ Errou | J13: =IF(OR(E13="",G13="",'Fase de Grupos'!F13="",'Fase de Grupos'!H13=""),"",IF(AND(E13='Fase de Grupos'!F13,G13='Fase de Grupos'!H13),5,IF(SIGN(E13-G13)=SIGN('Fase de Grupos'!F13-'Fase de Grupos'!H13),3,0))) -> 0
... A73: 72 | B73: 27/06 | C73: Grupo K | D73: RD Congo | E73: 1 | F73: x | G73: 2 | H73: Uzbequistão | I73: =IF(OR(E73="",G73="",'Fase de Grupos'!F73="",'Fase de Grupos'!H73=""),"⏳",IF(AND(E73='Fase de Grupos'!F73,G73='Fase de Grupos'!H73),"✅ Placar exato!",IF(SIGN(E73-G73)=SIGN('Fase de Grupos'!F73-'Fase de Grupos'!H73),"🟡 Acertou resultado","❌ Errou"))) -> ❌ Errou | J73: =IF(OR(E73="",G73="",'Fase de Grupos'!F73="",'Fase de Grupos'!H73=""),"",IF(AND(E73='Fase de Grupos'!F73,G73='Fase de Grupos'!H73),5,IF(SIGN(E73-G73)=SIGN('Fase de Grupos'!F73-'Fase de Grupos'!H73),3,0))) -> 0
H74: TOTAL DE PONTOS → | J74: =SUM(J2:J73) -> 120
H75: Pontuação máxima possível → | J75: 360
D77: 🏆 REGRAS DE PONTUAÇÃO DO BOLÃO
D79: Tipo de Acerto | E79: Símbolo | F79: Pontos
D80: Placar exato (ex: 2x1 = 2x1) | E80: ✅ | F80: 5 pontos
D81: Acertou resultado (vencedor/empate) | E81: 🟡 | F81: 3 pontos
D82: Errou o resultado | E82: ❌ | F82: 0 pontos
D83: Aguardando resultado/palpite | E83: ⏳ | F83: —

Sheet Palpites - Candido
A1: Jogo # | B1: Data | C1: Grupo | D1: Seleção 1 | E1: Palpite 1 | F1: x | G1: Palpite 2 | H1: Seleção 2 | I1: Resultado | J1: Pontos
A2: 1 | B2: 11/06 | C2: Grupo A | D2: México | E2: 10 | F2: x | G2: 10 | H2: África do Sul | I2: =IF(OR(E2="",G2="",'Fase de Grupos'!F2="",'Fase de Grupos'!H2=""),"⏳",IF(AND(E2='Fase de Grupos'!F2,G2='Fase de Grupos'!H2),"✅ Placar exato!",IF(SIGN(E2-G2)=SIGN('Fase de Grupos'!F2-'Fase de Grupos'!H2),"🟡 Acertou resultado","❌ Errou"))) -> ❌ Errou | J2: =IF(OR(E2="",G2="",'Fase de Grupos'!F2="",'Fase de Grupos'!H2=""),"",IF(AND(E2='Fase de Grupos'!F2,G2='Fase de Grupos'!H2),5,IF(SIGN(E2-G2)=SIGN('Fase de Grupos'!F2-'Fase de Grupos'!H2),3,0))) -> 0
A3: 2 | B3: 11/06 | C3: Grupo A | D3: Coreia do Sul | E3: 10 | F3: x | G3: 10 | H3: República Tcheca | I3: =IF(OR(E3="",G3="",'Fase de Grupos'!F3="",'Fase de Grupos'!H3=""),"⏳",IF(AND(E3='Fase de Grupos'!F3,G3='Fase de Grupos'!H3),"✅ Placar exato!",IF(SIGN(E3-G3)=SIGN('Fase de Grupos'!F3-'Fase de Grupos'!H3),"🟡 Acertou resultado","❌ Errou"))) -> ❌ Errou | J3: =IF(OR(E3="",G3="",'Fase de Grupos'!F3="",'Fase de Grupos'!H3=""),"",IF(AND(E3='Fase de Grupos'!F3,G3='Fase de Grupos'!H3),5,IF(SIGN(E3-G3)=SIGN('Fase de Grupos'!F3-'Fase de Grupos'!H3),3,0))) -> 0
A4: 3 | B4: 12/06 | C4: Grupo B | D4: Canadá | E4: 10 | F4: x | G4: 11 | H4: Bósnia e Herzegovina | I4: =IF(OR(E4="",G4="",'Fase de Grupos'!F4="",'Fase de Grupos'!H4=""),"⏳",IF(AND(E4='Fase de Grupos'!F4,G4='Fase de Grupos'!H4),"✅ Placar exato!",IF(SIGN(E4-G4)=SIGN('Fase de Grupos'!F4-'Fase de Grupos'!H4),"🟡 Acertou resultado","❌ Errou"))) -> ❌ Errou | J4: =IF(OR(E4="",G4="",'Fase de Grupos'!F4="",'Fase de Grupos'!H4=""),"",IF(AND(E4='Fase de Grupos'!F4,G4='Fase de Grupos'!H4),5,IF(SIGN(E4-G4)=SIGN('Fase de Grupos'!F4-'Fase de Grupos'!H4),3,0))) -> 0
A5: 4 | B5: 12/06 | C5: Grupo D | D5: EUA | E5: 10 | F5: x | G5: 10 | H5: Paraguai | I5: =IF(OR(E5="",G5="",'Fase de Grupos'!F5="",'Fase de Grupos'!H5=""),"⏳",IF(AND(E5='Fase de Grupos'!F5,G5='Fase de Grupos'!H5),"✅ Placar exato!",IF(SIGN(E5-G5)=SIGN('Fase de Grupos'!F5-'Fase de Grupos'!H5),"🟡 Acertou resultado","❌ Errou"))) -> ❌ Errou | J5: =IF(OR(E5="",G5="",'Fase de Grupos'!F5="",'Fase de Grupos'!H5=""),"",IF(AND(E5='Fase de Grupos'!F5,G5='Fase de Grupos'!H5),5,IF(SIGN(E5-G5)=SIGN('Fase de Grupos'!F5-'Fase de Grupos'!H5),3,0))) -> 0
A6: 5 | B6: 13/06 | C6: Grupo B | D6: Catar | E6: 10 | F6: x | G6: 11 | H6: Suíça | I6: =IF(OR(E6="",G6="",'Fase de Grupos'!F6="",'Fase de Grupos'!H6=""),"⏳",IF(AND(E6='Fase de Grupos'!F6,G6='Fase de Grupos'!H6),"✅ Placar exato!",IF(SIGN(E6-G6)=SIGN('Fase de Grupos'!F6-'Fase de Grupos'!H6),"🟡 Acertou resultado","❌ Errou"))) -> ❌ Errou | J6: =IF(OR(E6="",G6="",'Fase de Grupos'!F6="",'Fase de Grupos'!H6=""),"",IF(AND(E6='Fase de Grupos'!F6,G6='Fase de Grupos'!H6),5,IF(SIGN(E6-G6)=SIGN('Fase de Grupos'!F6-'Fase de Grupos'!H6),3,0))) -> 0
A7: 6 | B7: 13/06 | C7: Grupo C | D7: Brasil | E7: 10 | F7: x | G7: 11 | H7: Marrocos | I7: =IF(OR(E7="",G7="",'Fase de Grupos'!F7="",'Fase de Grupos'!H7=""),"⏳",IF(AND(E7='Fase de Grupos'!F7,G7='Fase de Grupos'!H7),"✅ Placar exato!",IF(SIGN(E7-G7)=SIGN('Fase de Grupos'!F7-'Fase de Grupos'!H7),"🟡 Acertou resultado","❌ Errou"))) -> ❌ Errou | J7: =IF(OR(E7="",G7="",'Fase de Grupos'!F7="",'Fase de Grupos'!H7=""),"",IF(AND(E7='Fase de Grupos'!F7,G7='Fase de Grupos'!H7),5,IF(SIGN(E7-G7)=SIGN('Fase de Grupos'!F7-'Fase de Grupos'!H7),3,0))) -> 0
A8: 7 | B8: 13/06 | C8: Grupo C | D8: Haiti | E8: 10 | F8: x | G8: 10 | H8: Escócia | I8: =IF(OR(E8="",G8="",'Fase de Grupos'!F8="",'Fase de Grupos'!H8=""),"⏳",IF(AND(E8='Fase de Grupos'!F8,G8='Fase de Grupos'!H8),"✅ Placar exato!",IF(SIGN(E8-G8)=SIGN('Fase de Grupos'!F8-'Fase de Grupos'!H8),"🟡 Acertou resultado","❌ Errou"))) -> ❌ Errou | J8: =IF(OR(E8="",G8="",'Fase de Grupos'!F8="",'Fase de Grupos'!H8=""),"",IF(AND(E8='Fase de Grupos'!F8,G8='Fase de Grupos'!H8),5,IF(SIGN(E8-G8)=SIGN('Fase de Grupos'!F8-'Fase de Grupos'!H8),3,0))) -> 0
A9: 8 | B9: 14/06 | C9: Grupo D | D9: Austrália | E9: 10 | F9: x | G9: 10 | H9: Turquia | I9: =IF(OR(E9="",G9="",'Fase de Grupos'!F9="",'Fase de Grupos'!H9=""),"⏳",IF(AND(E9='Fase de Grupos'!F9,G9='Fase de Grupos'!H9),"✅ Placar exato!",IF(SIGN(E9-G9)=SIGN('Fase de Grupos'!F9-'Fase de Grupos'!H9),"🟡 Acertou resultado","❌ Errou"))) -> ❌ Errou | J9: =IF(OR(E9="",G9="",'Fase de Grupos'!F9="",'Fase de Grupos'!H9=""),"",IF(AND(E9='Fase de Grupos'!F9,G9='Fase de Grupos'!H9),5,IF(SIGN(E9-G9)=SIGN('Fase de Grupos'!F9-'Fase de Grupos'!H9),3,0))) -> 0
A10: 9 | B10: 14/06 | C10: Grupo E | D10: Alemanha | E10: 10 | F10: x | G10: 10 | H10: Curaçao | I10: =IF(OR(E10="",G10="",'Fase de Grupos'!F10="",'Fase de Grupos'!H10=""),"⏳",IF(AND(E10='Fase de Grupos'!F10,G10='Fase de Grupos'!H10),"✅ Placar exato!",IF(SIGN(E10-G10)=SIGN('Fase de Grupos'!F10-'Fase de Grupos'!H10),"🟡 Acertou resultado","❌ Errou"))) -> ❌ Errou | J10: =IF(OR(E10="",G10="",'Fase de Grupos'!F10="",'Fase de Grupos'!H10=""),"",IF(AND(E10='Fase de Grupos'!F10,G10='Fase de Grupos'!H10),5,IF(SIGN(E10-G10)=SIGN('Fase de Grupos'!F10-'Fase de Grupos'!H10),3,0))) -> 0
A11: 10 | B11: 14/06 | C11: Grupo F | D11: Holanda | E11: 10 | F11: x | G11: 11 | H11: Japão | I11: =IF(OR(E11="",G11="",'Fase de Grupos'!F11="",'Fase de Grupos'!H11=""),"⏳",IF(AND(E11='Fase de Grupos'!F11,G11='Fase de Grupos'!H11),"✅ Placar exato!",IF(SIGN(E11-G11)=SIGN('Fase de Grupos'!F11-'Fase de Grupos'!H11),"🟡 Acertou resultado","❌ Errou"))) -> ❌ Errou | J11: =IF(OR(E11="",G11="",'Fase de Grupos'!F11="",'Fase de Grupos'!H11=""),"",IF(AND(E11='Fase de Grupos'!F11,G11='Fase de Grupos'!H11),5,IF(SIGN(E11-G11)=SIGN('Fase de Grupos'!F11-'Fase de Grupos'!H11),3,0))) -> 0
A12: 11 | B12: 14/06 | C12: Grupo E | D12: Costa do Marfim | E12: 10 | F12: x | G12: 10 | H12: Equador | I12: =IF(OR(E12="",G12="",'Fase de Grupos'!F12="",'Fase de Grupos'!H12=""),"⏳",IF(AND(E12='Fase de Grupos'!F12,G12='Fase de Grupos'!H12),"✅ Placar exato!",IF(SIGN(E12-G12)=SIGN('Fase de Grupos'!F12-'Fase de Grupos'!H12),"🟡 Acertou resultado","❌ Errou"))) -> ❌ Errou | J12: =IF(OR(E12="",G12="",'Fase de Grupos'!F12="",'Fase de Grupos'!H12=""),"",IF(AND(E12='Fase de Grupos'!F12,G12='Fase de Grupos'!H12),5,IF(SIGN(E12-G12)=SIGN('Fase de Grupos'!F12-'Fase de Grupos'!H12),3,0))) -> 0
A13: 12 | B13: 14/06 | C13: Grupo F | D13: Suécia | E13: 10 | F13: x | G13: 10 | H13: Tunísia | I13: =IF(OR(E13="",G13="",'Fase de Grupos'!F13="",'Fase de Grupos'!H13=""),"⏳",IF(AND(E13='Fase de Grupos'!F13,G13='Fase de Grupos'!H13),"✅ Placar exato!",IF(SIGN(E13-G13)=SIGN('Fase de Grupos'!F13-'Fase de Grupos'!H13),"🟡 Acertou resultado","❌ Errou"))) -> ❌ Errou | J13: =IF(OR(E13="",G13="",'Fase de Grupos'!F13="",'Fase de Grupos'!H13=""),"",IF(AND(E13='Fase de Grupos'!F13,G13='Fase de Grupos'!H13),5,IF(SIGN(E13-G13)=SIGN('Fase de Grupos'!F13-'Fase de Grupos'!H13),3,0))) -> 0
... A73: 72 | B73: 27/06 | C73: Grupo K | D73: RD Congo | E73: 1 | F73: x | G73: 1 | H73: Uzbequistão | I73: =IF(OR(E73="",G73="",'Fase de Grupos'!F73="",'Fase de Grupos'!H73=""),"⏳",IF(AND(E73='Fase de Grupos'!F73,G73='Fase de Grupos'!H73),"✅ Placar exato!",IF(SIGN(E73-G73)=SIGN('Fase de Grupos'!F73-'Fase de Grupos'!H73),"🟡 Acertou resultado","❌ Errou"))) -> ❌ Errou | J73: =IF(OR(E73="",G73="",'Fase de Grupos'!F73="",'Fase de Grupos'!H73=""),"",IF(AND(E73='Fase de Grupos'!F73,G73='Fase de Grupos'!H73),5,IF(SIGN(E73-G73)=SIGN('Fase de Grupos'!F73-'Fase de Grupos'!H73),3,0))) -> 0
H74: TOTAL DE PONTOS → | J74: =SUM(J2:J73) -> 102
H75: Pontuação máxima possível → | J75: 360
D77: 🏆 REGRAS DE PONTUAÇÃO DO BOLÃO
D79: Tipo de Acerto | E79: Símbolo | F79: Pontos
D80: Placar exato (ex: 2x1 = 2x1) | E80: ✅ | F80: 5 pontos
D81: Acertou resultado (vencedor/empate) | E81: 🟡 | F81: 3 pontos
D82: Errou o resultado | E82: ❌ | F82: 0 pontos
D83: Aguardando resultado/palpite | E83: ⏳ | F83: —

Sheet Palpites - Lona
A1: Jogo # | B1: Data | C1: Grupo | D1: Seleção 1 | E1: Palpite 1 | F1: x | G1: Palpite 2 | H1: Seleção 2 | I1: Resultado | J1: Pontos
A2: 1 | B2: 11/06 | C2: Grupo A | D2: México | E2: 10 | F2: x | G2: 10 | H2: África do Sul | I2: =IF(OR(E2="",G2="",'Fase de Grupos'!F2="",'Fase de Grupos'!H2=""),"⏳",IF(AND(E2='Fase de Grupos'!F2,G2='Fase de Grupos'!H2),"✅ Placar exato!",IF(SIGN(E2-G2)=SIGN('Fase de Grupos'!F2-'Fase de Grupos'!H2),"🟡 Acertou resultado","❌ Errou"))) -> ❌ Errou | J2: =IF(OR(E2="",G2="",'Fase de Grupos'!F2="",'Fase de Grupos'!H2=""),"",IF(AND(E2='Fase de Grupos'!F2,G2='Fase de Grupos'!H2),5,IF(SIGN(E2-G2)=SIGN('Fase de Grupos'!F2-'Fase de Grupos'!H2),3,0))) -> 0
A3: 2 | B3: 11/06 | C3: Grupo A | D3: Coreia do Sul | E3: 10 | F3: x | G3: 10 | H3: República Tcheca | I3: =IF(OR(E3="",G3="",'Fase de Grupos'!F3="",'Fase de Grupos'!H3=""),"⏳",IF(AND(E3='Fase de Grupos'!F3,G3='Fase de Grupos'!H3),"✅ Placar exato!",IF(SIGN(E3-G3)=SIGN('Fase de Grupos'!F3-'Fase de Grupos'!H3),"🟡 Acertou resultado","❌ Errou"))) -> ❌ Errou | J3: =IF(OR(E3="",G3="",'Fase de Grupos'!F3="",'Fase de Grupos'!H3=""),"",IF(AND(E3='Fase de Grupos'!F3,G3='Fase de Grupos'!H3),5,IF(SIGN(E3-G3)=SIGN('Fase de Grupos'!F3-'Fase de Grupos'!H3),3,0))) -> 0
A4: 3 | B4: 12/06 | C4: Grupo B | D4: Canadá | E4: 10 | F4: x | G4: 11 | H4: Bósnia e Herzegovina | I4: =IF(OR(E4="",G4="",'Fase de Grupos'!F4="",'Fase de Grupos'!H4=""),"⏳",IF(AND(E4='Fase de Grupos'!F4,G4='Fase de Grupos'!H4),"✅ Placar exato!",IF(SIGN(E4-G4)=SIGN('Fase de Grupos'!F4-'Fase de Grupos'!H4),"🟡 Acertou resultado","❌ Errou"))) -> ❌ Errou | J4: =IF(OR(E4="",G4="",'Fase de Grupos'!F4="",'Fase de Grupos'!H4=""),"",IF(AND(E4='Fase de Grupos'!F4,G4='Fase de Grupos'!H4),5,IF(SIGN(E4-G4)=SIGN('Fase de Grupos'!F4-'Fase de Grupos'!H4),3,0))) -> 0
A5: 4 | B5: 12/06 | C5: Grupo D | D5: EUA | E5: 10 | F5: x | G5: 10 | H5: Paraguai | I5: =IF(OR(E5="",G5="",'Fase de Grupos'!F5="",'Fase de Grupos'!H5=""),"⏳",IF(AND(E5='Fase de Grupos'!F5,G5='Fase de Grupos'!H5),"✅ Placar exato!",IF(SIGN(E5-G5)=SIGN('Fase de Grupos'!F5-'Fase de Grupos'!H5),"🟡 Acertou resultado","❌ Errou"))) -> ❌ Errou | J5: =IF(OR(E5="",G5="",'Fase de Grupos'!F5="",'Fase de Grupos'!H5=""),"",IF(AND(E5='Fase de Grupos'!F5,G5='Fase de Grupos'!H5),5,IF(SIGN(E5-G5)=SIGN('Fase de Grupos'!F5-'Fase de Grupos'!H5),3,0))) -> 0
A6: 5 | B6: 13/06 | C6: Grupo B | D6: Catar | E6: 10 | F6: x | G6: 11 | H6: Suíça | I6: =IF(OR(E6="",G6="",'Fase de Grupos'!F6="",'Fase de Grupos'!H6=""),"⏳",IF(AND(E6='Fase de Grupos'!F6,G6='Fase de Grupos'!H6),"✅ Placar exato!",IF(SIGN(E6-G6)=SIGN('Fase de Grupos'!F6-'Fase de Grupos'!H6),"🟡 Acertou resultado","❌ Errou"))) -> ❌ Errou | J6: =IF(OR(E6="",G6="",'Fase de Grupos'!F6="",'Fase de Grupos'!H6=""),"",IF(AND(E6='Fase de Grupos'!F6,G6='Fase de Grupos'!H6),5,IF(SIGN(E6-G6)=SIGN('Fase de Grupos'!F6-'Fase de Grupos'!H6),3,0))) -> 0
A7: 6 | B7: 13/06 | C7: Grupo C | D7: Brasil | E7: 10 | F7: x | G7: 11 | H7: Marrocos | I7: =IF(OR(E7="",G7="",'Fase de Grupos'!F7="",'Fase de Grupos'!H7=""),"⏳",IF(AND(E7='Fase de Grupos'!F7,G7='Fase de Grupos'!H7),"✅ Placar exato!",IF(SIGN(E7-G7)=SIGN('Fase de Grupos'!F7-'Fase de Grupos'!H7),"🟡 Acertou resultado","❌ Errou"))) -> ❌ Errou | J7: =IF(OR(E7="",G7="",'Fase de Grupos'!F7="",'Fase de Grupos'!H7=""),"",IF(AND(E7='Fase de Grupos'!F7,G7='Fase de Grupos'!H7),5,IF(SIGN(E7-G7)=SIGN('Fase de Grupos'!F7-'Fase de Grupos'!H7),3,0))) -> 0
A8: 7 | B8: 13/06 | C8: Grupo C | D8: Haiti | E8: 10 | F8: x | G8: 10 | H8: Escócia | I8: =IF(OR(E8="",G8="",'Fase de Grupos'!F8="",'Fase de Grupos'!H8=""),"⏳",IF(AND(E8='Fase de Grupos'!F8,G8='Fase de Grupos'!H8),"✅ Placar exato!",IF(SIGN(E8-G8)=SIGN('Fase de Grupos'!F8-'Fase de Grupos'!H8),"🟡 Acertou resultado","❌ Errou"))) -> ❌ Errou | J8: =IF(OR(E8="",G8="",'Fase de Grupos'!F8="",'Fase de Grupos'!H8=""),"",IF(AND(E8='Fase de Grupos'!F8,G8='Fase de Grupos'!H8),5,IF(SIGN(E8-G8)=SIGN('Fase de Grupos'!F8-'Fase de Grupos'!H8),3,0))) -> 0
A9: 8 | B9: 14/06 | C9: Grupo D | D9: Austrália | E9: 10 | F9: x | G9: 10 | H9: Turquia | I9: =IF(OR(E9="",G9="",'Fase de Grupos'!F9="",'Fase de Grupos'!H9=""),"⏳",IF(AND(E9='Fase de Grupos'!F9,G9='Fase de Grupos'!H9),"✅ Placar exato!",IF(SIGN(E9-G9)=SIGN('Fase de Grupos'!F9-'Fase de Grupos'!H9),"🟡 Acertou resultado","❌ Errou"))) -> ❌ Errou | J9: =IF(OR(E9="",G9="",'Fase de Grupos'!F9="",'Fase de Grupos'!H9=""),"",IF(AND(E9='Fase de Grupos'!F9,G9='Fase de Grupos'!H9),5,IF(SIGN(E9-G9)=SIGN('Fase de Grupos'!F9-'Fase de Grupos'!H9),3,0))) -> 0
A10: 9 | B10: 14/06 | C10: Grupo E | D10: Alemanha | E10: 10 | F10: x | G10: 10 | H10: Curaçao | I10: =IF(OR(E10="",G10="",'Fase de Grupos'!F10="",'Fase de Grupos'!H10=""),"⏳",IF(AND(E10='Fase de Grupos'!F10,G10='Fase de Grupos'!H10),"✅ Placar exato!",IF(SIGN(E10-G10)=SIGN('Fase de Grupos'!F10-'Fase de Grupos'!H10),"🟡 Acertou resultado","❌ Errou"))) -> ❌ Errou | J10: =IF(OR(E10="",G10="",'Fase de Grupos'!F10="",'Fase de Grupos'!H10=""),"",IF(AND(E10='Fase de Grupos'!F10,G10='Fase de Grupos'!H10),5,IF(SIGN(E10-G10)=SIGN('Fase de Grupos'!F10-'Fase de Grupos'!H10),3,0))) -> 0
A11: 10 | B11: 14/06 | C11: Grupo F | D11: Holanda | E11: 10 | F11: x | G11: 11 | H11: Japão | I11: =IF(OR(E11="",G11="",'Fase de Grupos'!F11="",'Fase de Grupos'!H11=""),"⏳",IF(AND(E11='Fase de Grupos'!F11,G11='Fase de Grupos'!H11),"✅ Placar exato!",IF(SIGN(E11-G11)=SIGN('Fase de Grupos'!F11-'Fase de Grupos'!H11),"🟡 Acertou resultado","❌ Errou"))) -> ❌ Errou | J11: =IF(OR(E11="",G11="",'Fase de Grupos'!F11="",'Fase de Grupos'!H11=""),"",IF(AND(E11='Fase de Grupos'!F11,G11='Fase de Grupos'!H11),5,IF(SIGN(E11-G11)=SIGN('Fase de Grupos'!F11-'Fase de Grupos'!H11),3,0))) -> 0
A12: 11 | B12: 14/06 | C12: Grupo E | D12: Costa do Marfim | E12: 10 | F12: x | G12: 10 | H12: Equador | I12: =IF(OR(E12="",G12="",'Fase de Grupos'!F12="",'Fase de Grupos'!H12=""),"⏳",IF(AND(E12='Fase de Grupos'!F12,G12='Fase de Grupos'!H12),"✅ Placar exato!",IF(SIGN(E12-G12)=SIGN('Fase de Grupos'!F12-'Fase de Grupos'!H12),"🟡 Acertou resultado","❌ Errou"))) -> ❌ Errou | J12: =IF(OR(E12="",G12="",'Fase de Grupos'!F12="",'Fase de Grupos'!H12=""),"",IF(AND(E12='Fase de Grupos'!F12,G12='Fase de Grupos'!H12),5,IF(SIGN(E12-G12)=SIGN('Fase de Grupos'!F12-'Fase de Grupos'!H12),3,0))) -> 0
A13: 12 | B13: 14/06 | C13: Grupo F | D13: Suécia | E13: 10 | F13: x | G13: 10 | H13: Tunísia | I13: =IF(OR(E13="",G13="",'Fase de Grupos'!F13="",'Fase de Grupos'!H13=""),"⏳",IF(AND(E13='Fase de Grupos'!F13,G13='Fase de Grupos'!H13),"✅ Placar exato!",IF(SIGN(E13-G13)=SIGN('Fase de Grupos'!F13-'Fase de Grupos'!H13),"🟡 Acertou resultado","❌ Errou"))) -> ❌ Errou | J13: =IF(OR(E13="",G13="",'Fase de Grupos'!F13="",'Fase de Grupos'!H13=""),"",IF(AND(E13='Fase de Grupos'!F13,G13='Fase de Grupos'!H13),5,IF(SIGN(E13-G13)=SIGN('Fase de Grupos'!F13-'Fase de Grupos'!H13),3,0))) -> 0
... A73: 72 | B73: 27/06 | C73: Grupo K | D73: RD Congo | E73: 1 | F73: x | G73: 1 | H73: Uzbequistão | I73: =IF(OR(E73="",G73="",'Fase de Grupos'!F73="",'Fase de Grupos'!H73=""),"⏳",IF(AND(E73='Fase de Grupos'!F73,G73='Fase de Grupos'!H73),"✅ Placar exato!",IF(SIGN(E73-G73)=SIGN('Fase de Grupos'!F73-'Fase de Grupos'!H73),"🟡 Acertou resultado","❌ Errou"))) -> ❌ Errou | J73: =IF(OR(E73="",G73="",'Fase de Grupos'!F73="",'Fase de Grupos'!H73=""),"",IF(AND(E73='Fase de Grupos'!F73,G73='Fase de Grupos'!H73),5,IF(SIGN(E73-G73)=SIGN('Fase de Grupos'!F73-'Fase de Grupos'!H73),3,0))) -> 0
H74: TOTAL DE PONTOS → | J74: =SUM(J2:J73) -> 97
H75: Pontuação máxima possível → | J75: 360
D77: 🏆 REGRAS DE PONTUAÇÃO DO BOLÃO
D79: Tipo de Acerto | E79: Símbolo | F79: Pontos
D80: Placar exato (ex: 2x1 = 2x1) | E80: ✅ | F80: 5 pontos
D81: Acertou resultado (vencedor/empate) | E81: 🟡 | F81: 3 pontos
D82: Errou o resultado | E82: ❌ | F82: 0 pontos
D83: Aguardando resultado/palpite | E83: ⏳ | F83: —

Sheet Palpites - Isac
A1: Jogo # | B1: Data | C1: Grupo | D1: Seleção 1 | E1: Palpite 1 | F1: x | G1: Palpite 2 | H1: Seleção 2 | I1: Resultado | J1: Pontos
A2: 1 | B2: 11/06 | C2: Grupo A | D2: México | E2: 10 | F2: x | G2: 10 | H2: África do Sul | I2: =IF(OR(E2="",G2="",'Fase de Grupos'!F2="",'Fase de Grupos'!H2=""),"⏳",IF(AND(E2='Fase de Grupos'!F2,G2='Fase de Grupos'!H2),"✅ Placar exato!",IF(SIGN(E2-G2)=SIGN('Fase de Grupos'!F2-'Fase de Grupos'!H2),"🟡 Acertou resultado","❌ Errou"))) -> ❌ Errou | J2: =IF(OR(E2="",G2="",'Fase de Grupos'!F2="",'Fase de Grupos'!H2=""),"",IF(AND(E2='Fase de Grupos'!F2,G2='Fase de Grupos'!H2),5,IF(SIGN(E2-G2)=SIGN('Fase de Grupos'!F2-'Fase de Grupos'!H2),3,0))) -> 0
A3: 2 | B3: 11/06 | C3: Grupo A | D3: Coreia do Sul | E3: 10 | F3: x | G3: 10 | H3: República Tcheca | I3: =IF(OR(E3="",G3="",'Fase de Grupos'!F3="",'Fase de Grupos'!H3=""),"⏳",IF(AND(E3='Fase de Grupos'!F3,G3='Fase de Grupos'!H3),"✅ Placar exato!",IF(SIGN(E3-G3)=SIGN('Fase de Grupos'!F3-'Fase de Grupos'!H3),"🟡 Acertou resultado","❌ Errou"))) -> ❌ Errou | J3: =IF(OR(E3="",G3="",'Fase de Grupos'!F3="",'Fase de Grupos'!H3=""),"",IF(AND(E3='Fase de Grupos'!F3,G3='Fase de Grupos'!H3),5,IF(SIGN(E3-G3)=SIGN('Fase de Grupos'!F3-'Fase de Grupos'!H3),3,0))) -> 0
A4: 3 | B4: 12/06 | C4: Grupo B | D4: Canadá | E4: 10 | F4: x | G4: 11 | H4: Bósnia e Herzegovina | I4: =IF(OR(E4="",G4="",'Fase de Grupos'!F4="",'Fase de Grupos'!H4=""),"⏳",IF(AND(E4='Fase de Grupos'!F4,G4='Fase de Grupos'!H4),"✅ Placar exato!",IF(SIGN(E4-G4)=SIGN('Fase de Grupos'!F4-'Fase de Grupos'!H4),"🟡 Acertou resultado","❌ Errou"))) -> ❌ Errou | J4: =IF(OR(E4="",G4="",'Fase de Grupos'!F4="",'Fase de Grupos'!H4=""),"",IF(AND(E4='Fase de Grupos'!F4,G4='Fase de Grupos'!H4),5,IF(SIGN(E4-G4)=SIGN('Fase de Grupos'!F4-'Fase de Grupos'!H4),3,0))) -> 0
A5: 4 | B5: 12/06 | C5: Grupo D | D5: EUA | E5: 10 | F5: x | G5: 10 | H5: Paraguai | I5: =IF(OR(E5="",G5="",'Fase de Grupos'!F5="",'Fase de Grupos'!H5=""),"⏳",IF(AND(E5='Fase de Grupos'!F5,G5='Fase de Grupos'!H5),"✅ Placar exato!",IF(SIGN(E5-G5)=SIGN('Fase de Grupos'!F5-'Fase de Grupos'!H5),"🟡 Acertou resultado","❌ Errou"))) -> ❌ Errou | J5: =IF(OR(E5="",G5="",'Fase de Grupos'!F5="",'Fase de Grupos'!H5=""),"",IF(AND(E5='Fase de Grupos'!F5,G5='Fase de Grupos'!H5),5,IF(SIGN(E5-G5)=SIGN('Fase de Grupos'!F5-'Fase de Grupos'!H5),3,0))) -> 0
A6: 5 | B6: 13/06 | C6: Grupo B | D6: Catar | E6: 10 | F6: x | G6: 11 | H6: Suíça | I6: =IF(OR(E6="",G6="",'Fase de Grupos'!F6="",'Fase de Grupos'!H6=""),"⏳",IF(AND(E6='Fase de Grupos'!F6,G6='Fase de Grupos'!H6),"✅ Placar exato!",IF(SIGN(E6-G6)=SIGN('Fase de Grupos'!F6-'Fase de Grupos'!H6),"🟡 Acertou resultado","❌ Errou"))) -> ❌ Errou | J6: =IF(OR(E6="",G6="",'Fase de Grupos'!F6="",'Fase de Grupos'!H6=""),"",IF(AND(E6='Fase de Grupos'!F6,G6='Fase de Grupos'!H6),5,IF(SIGN(E6-G6)=SIGN('Fase de Grupos'!F6-'Fase de Grupos'!H6),3,0))) -> 0
A7: 6 | B7: 13/06 | C7: Grupo C | D7: Brasil | E7: 10 | F7: x | G7: 11 | H7: Marrocos | I7: =IF(OR(E7="",G7="",'Fase de Grupos'!F7="",'Fase de Grupos'!H7=""),"⏳",IF(AND(E7='Fase de Grupos'!F7,G7='Fase de Grupos'!H7),"✅ Placar exato!",IF(SIGN(E7-G7)=SIGN('Fase de Grupos'!F7-'Fase de Grupos'!H7),"🟡 Acertou resultado","❌ Errou"))) -> ❌ Errou | J7: =IF(OR(E7="",G7="",'Fase de Grupos'!F7="",'Fase de Grupos'!H7=""),"",IF(AND(E7='Fase de Grupos'!F7,G7='Fase de Grupos'!H7),5,IF(SIGN(E7-G7)=SIGN('Fase de Grupos'!F7-'Fase de Grupos'!H7),3,0))) -> 0
A8: 7 | B8: 13/06 | C8: Grupo C | D8: Haiti | E8: 10 | F8: x | G8: 10 | H8: Escócia | I8: =IF(OR(E8="",G8="",'Fase de Grupos'!F8="",'Fase de Grupos'!H8=""),"⏳",IF(AND(E8='Fase de Grupos'!F8,G8='Fase de Grupos'!H8),"✅ Placar exato!",IF(SIGN(E8-G8)=SIGN('Fase de Grupos'!F8-'Fase de Grupos'!H8),"🟡 Acertou resultado","❌ Errou"))) -> ❌ Errou | J8: =IF(OR(E8="",G8="",'Fase de Grupos'!F8="",'Fase de Grupos'!H8=""),"",IF(AND(E8='Fase de Grupos'!F8,G8='Fase de Grupos'!H8),5,IF(SIGN(E8-G8)=SIGN('Fase de Grupos'!F8-'Fase de Grupos'!H8),3,0))) -> 0
A9: 8 | B9: 14/06 | C9: Grupo D | D9: Austrália | E9: 10 | F9: x | G9: 10 | H9: Turquia | I9: =IF(OR(E9="",G9="",'Fase de Grupos'!F9="",'Fase de Grupos'!H9=""),"⏳",IF(AND(E9='Fase de Grupos'!F9,G9='Fase de Grupos'!H9),"✅ Placar exato!",IF(SIGN(E9-G9)=SIGN('Fase de Grupos'!F9-'Fase de Grupos'!H9),"🟡 Acertou resultado","❌ Errou"))) -> ❌ Errou | J9: =IF(OR(E9="",G9="",'Fase de Grupos'!F9="",'Fase de Grupos'!H9=""),"",IF(AND(E9='Fase de Grupos'!F9,G9='Fase de Grupos'!H9),5,IF(SIGN(E9-G9)=SIGN('Fase de Grupos'!F9-'Fase de Grupos'!H9),3,0))) -> 0
A10: 9 | B10: 14/06 | C10: Grupo E | D10: Alemanha | E10: 10 | F10: x | G10: 10 | H10: Curaçao | I10: =IF(OR(E10="",G10="",'Fase de Grupos'!F10="",'Fase de Grupos'!H10=""),"⏳",IF(AND(E10='Fase de Grupos'!F10,G10='Fase de Grupos'!H10),"✅ Placar exato!",IF(SIGN(E10-G10)=SIGN('Fase de Grupos'!F10-'Fase de Grupos'!H10),"🟡 Acertou resultado","❌ Errou"))) -> ❌ Errou | J10: =IF(OR(E10="",G10="",'Fase de Grupos'!F10="",'Fase de Grupos'!H10=""),"",IF(AND(E10='Fase de Grupos'!F10,G10='Fase de Grupos'!H10),5,IF(SIGN(E10-G10)=SIGN('Fase de Grupos'!F10-'Fase de Grupos'!H10),3,0))) -> 0
A11: 10 | B11: 14/06 | C11: Grupo F | D11: Holanda | E11: 10 | F11: x | G11: 11 | H11: Japão | I11: =IF(OR(E11="",G11="",'Fase de Grupos'!F11="",'Fase de Grupos'!H11=""),"⏳",IF(AND(E11='Fase de Grupos'!F11,G11='Fase de Grupos'!H11),"✅ Placar exato!",IF(SIGN(E11-G11)=SIGN('Fase de Grupos'!F11-'Fase de Grupos'!H11),"🟡 Acertou resultado","❌ Errou"))) -> ❌ Errou | J11: =IF(OR(E11="",G11="",'Fase de Grupos'!F11="",'Fase de Grupos'!H11=""),"",IF(AND(E11='Fase de Grupos'!F11,G11='Fase de Grupos'!H11),5,IF(SIGN(E11-G11)=SIGN('Fase de Grupos'!F11-'Fase de Grupos'!H11),3,0))) -> 0
A12: 11 | B12: 14/06 | C12: Grupo E | D12: Costa do Marfim | E12: 10 | F12: x | G12: 10 | H12: Equador | I12: =IF(OR(E12="",G12="",'Fase de Grupos'!F12="",'Fase de Grupos'!H12=""),"⏳",IF(AND(E12='Fase de Grupos'!F12,G12='Fase de Grupos'!H12),"✅ Placar exato!",IF(SIGN(E12-G12)=SIGN('Fase de Grupos'!F12-'Fase de Grupos'!H12),"🟡 Acertou resultado","❌ Errou"))) -> ❌ Errou | J12: =IF(OR(E12="",G12="",'Fase de Grupos'!F12="",'Fase de Grupos'!H12=""),"",IF(AND(E12='Fase de Grupos'!F12,G12='Fase de Grupos'!H12),5,IF(SIGN(E12-G12)=SIGN('Fase de Grupos'!F12-'Fase de Grupos'!H12),3,0))) -> 0
A13: 12 | B13: 14/06 | C13: Grupo F | D13: Suécia | E13: 10 | F13: x | G13: 10 | H13: Tunísia | I13: =IF(OR(E13="",G13="",'Fase de Grupos'!F13="",'Fase de Grupos'!H13=""),"⏳",IF(AND(E13='Fase de Grupos'!F13,G13='Fase de Grupos'!H13),"✅ Placar exato!",IF(SIGN(E13-G13)=SIGN('Fase de Grupos'!F13-'Fase de Grupos'!H13),"🟡 Acertou resultado","❌ Errou"))) -> ❌ Errou | J13: =IF(OR(E13="",G13="",'Fase de Grupos'!F13="",'Fase de Grupos'!H13=""),"",IF(AND(E13='Fase de Grupos'!F13,G13='Fase de Grupos'!H13),5,IF(SIGN(E13-G13)=SIGN('Fase de Grupos'!F13-'Fase de Grupos'!H13),3,0))) -> 0
... A73: 72 | B73: 27/06 | C73: Grupo K | D73: RD Congo | E73: 0 | F73: x | G73: 2 | H73: Uzbequistão | I73: =IF(OR(E73="",G73="",'Fase de Grupos'!F73="",'Fase de Grupos'!H73=""),"⏳",IF(AND(E73='Fase de Grupos'!F73,G73='Fase de Grupos'!H73),"✅ Placar exato!",IF(SIGN(E73-G73)=SIGN('Fase de Grupos'!F73-'Fase de Grupos'!H73),"🟡 Acertou resultado","❌ Errou"))) -> ❌ Errou | J73: =IF(OR(E73="",G73="",'Fase de Grupos'!F73="",'Fase de Grupos'!H73=""),"",IF(AND(E73='Fase de Grupos'!F73,G73='Fase de Grupos'!H73),5,IF(SIGN(E73-G73)=SIGN('Fase de Grupos'!F73-'Fase de Grupos'!H73),3,0))) -> 0
H74: TOTAL DE PONTOS → | J74: =SUM(J2:J73) -> 119
H75: Pontuação máxima possível → | J75: 360
D77: 🏆 REGRAS DE PONTUAÇÃO DO BOLÃO
D79: Tipo de Acerto | E79: Símbolo | F79: Pontos
D80: Placar exato (ex: 2x1 = 2x1) | E80: ✅ | F80: 5 pontos
D81: Acertou resultado (vencedor/empate) | E81: 🟡 | F81: 3 pontos
D82: Errou o resultado | E82: ❌ | F82: 0 pontos
D83: Aguardando resultado/palpite | E83: ⏳ | F83: —

Sheet Palpites - PC
A1: Jogo # | B1: Data | C1: Grupo | D1: Seleção 1 | E1: Palpite 1 | F1: x | G1: Palpite 2 | H1: Seleção 2 | I1: Resultado | J1: Pontos
A2: 1 | B2: 11/06 | C2: Grupo A | D2: México | E2: 10 | F2: x | G2: 10 | H2: África do Sul | I2: =IF(OR(E2="",G2="",'Fase de Grupos'!F2="",'Fase de Grupos'!H2=""),"⏳",IF(AND(E2='Fase de Grupos'!F2,G2='Fase de Grupos'!H2),"✅ Placar exato!",IF(SIGN(E2-G2)=SIGN('Fase de Grupos'!F2-'Fase de Grupos'!H2),"🟡 Acertou resultado","❌ Errou"))) -> ❌ Errou | J2: =IF(OR(E2="",G2="",'Fase de Grupos'!F2="",'Fase de Grupos'!H2=""),"",IF(AND(E2='Fase de Grupos'!F2,G2='Fase de Grupos'!H2),5,IF(SIGN(E2-G2)=SIGN('Fase de Grupos'!F2-'Fase de Grupos'!H2),3,0))) -> 0
A3: 2 | B3: 11/06 | C3: Grupo A | D3: Coreia do Sul | E3: 10 | F3: x | G3: 10 | H3: República Tcheca | I3: =IF(OR(E3="",G3="",'Fase de Grupos'!F3="",'Fase de Grupos'!H3=""),"⏳",IF(AND(E3='Fase de Grupos'!F3,G3='Fase de Grupos'!H3),"✅ Placar exato!",IF(SIGN(E3-G3)=SIGN('Fase de Grupos'!F3-'Fase de Grupos'!H3),"🟡 Acertou resultado","❌ Errou"))) -> ❌ Errou | J3: =IF(OR(E3="",G3="",'Fase de Grupos'!F3="",'Fase de Grupos'!H3=""),"",IF(AND(E3='Fase de Grupos'!F3,G3='Fase de Grupos'!H3),5,IF(SIGN(E3-G3)=SIGN('Fase de Grupos'!F3-'Fase de Grupos'!H3),3,0))) -> 0
A4: 3 | B4: 12/06 | C4: Grupo B | D4: Canadá | E4: 10 | F4: x | G4: 11 | H4: Bósnia e Herzegovina | I4: =IF(OR(E4="",G4="",'Fase de Grupos'!F4="",'Fase de Grupos'!H4=""),"⏳",IF(AND(E4='Fase de Grupos'!F4,G4='Fase de Grupos'!H4),"✅ Placar exato!",IF(SIGN(E4-G4)=SIGN('Fase de Grupos'!F4-'Fase de Grupos'!H4),"🟡 Acertou resultado","❌ Errou"))) -> ❌ Errou | J4: =IF(OR(E4="",G4="",'Fase de Grupos'!F4="",'Fase de Grupos'!H4=""),"",IF(AND(E4='Fase de Grupos'!F4,G4='Fase de Grupos'!H4),5,IF(SIGN(E4-G4)=SIGN('Fase de Grupos'!F4-'Fase de Grupos'!H4),3,0))) -> 0
A5: 4 | B5: 12/06 | C5: Grupo D | D5: EUA | E5: 10 | F5: x | G5: 10 | H5: Paraguai | I5: =IF(OR(E5="",G5="",'Fase de Grupos'!F5="",'Fase de Grupos'!H5=""),"⏳",IF(AND(E5='Fase de Grupos'!F5,G5='Fase de Grupos'!H5),"✅ Placar exato!",IF(SIGN(E5-G5)=SIGN('Fase de Grupos'!F5-'Fase de Grupos'!H5),"🟡 Acertou resultado","❌ Errou"))) -> ❌ Errou | J5: =IF(OR(E5="",G5="",'Fase de Grupos'!F5="",'Fase de Grupos'!H5=""),"",IF(AND(E5='Fase de Grupos'!F5,G5='Fase de Grupos'!H5),5,IF(SIGN(E5-G5)=SIGN('Fase de Grupos'!F5-'Fase de Grupos'!H5),3,0))) -> 0
A6: 5 | B6: 13/06 | C6: Grupo B | D6: Catar | E6: 10 | F6: x | G6: 11 | H6: Suíça | I6: =IF(OR(E6="",G6="",'Fase de Grupos'!F6="",'Fase de Grupos'!H6=""),"⏳",IF(AND(E6='Fase de Grupos'!F6,G6='Fase de Grupos'!H6),"✅ Placar exato!",IF(SIGN(E6-G6)=SIGN('Fase de Grupos'!F6-'Fase de Grupos'!H6),"🟡 Acertou resultado","❌ Errou"))) -> ❌ Errou | J6: =IF(OR(E6="",G6="",'Fase de Grupos'!F6="",'Fase de Grupos'!H6=""),"",IF(AND(E6='Fase de Grupos'!F6,G6='Fase de Grupos'!H6),5,IF(SIGN(E6-G6)=SIGN('Fase de Grupos'!F6-'Fase de Grupos'!H6),3,0))) -> 0
A7: 6 | B7: 13/06 | C7: Grupo C | D7: Brasil | E7: 10 | F7: x | G7: 11 | H7: Marrocos | I7: =IF(OR(E7="",G7="",'Fase de Grupos'!F7="",'Fase de Grupos'!H7=""),"⏳",IF(AND(E7='Fase de Grupos'!F7,G7='Fase de Grupos'!H7),"✅ Placar exato!",IF(SIGN(E7-G7)=SIGN('Fase de Grupos'!F7-'Fase de Grupos'!H7),"🟡 Acertou resultado","❌ Errou"))) -> ❌ Errou | J7: =IF(OR(E7="",G7="",'Fase de Grupos'!F7="",'Fase de Grupos'!H7=""),"",IF(AND(E7='Fase de Grupos'!F7,G7='Fase de Grupos'!H7),5,IF(SIGN(E7-G7)=SIGN('Fase de Grupos'!F7-'Fase de Grupos'!H7),3,0))) -> 0
A8: 7 | B8: 13/06 | C8: Grupo C | D8: Haiti | E8: 10 | F8: x | G8: 10 | H8: Escócia | I8: =IF(OR(E8="",G8="",'Fase de Grupos'!F8="",'Fase de Grupos'!H8=""),"⏳",IF(AND(E8='Fase de Grupos'!F8,G8='Fase de Grupos'!H8),"✅ Placar exato!",IF(SIGN(E8-G8)=SIGN('Fase de Grupos'!F8-'Fase de Grupos'!H8),"🟡 Acertou resultado","❌ Errou"))) -> ❌ Errou | J8: =IF(OR(E8="",G8="",'Fase de Grupos'!F8="",'Fase de Grupos'!H8=""),"",IF(AND(E8='Fase de Grupos'!F8,G8='Fase de Grupos'!H8),5,IF(SIGN(E8-G8)=SIGN('Fase de Grupos'!F8-'Fase de Grupos'!H8),3,0))) -> 0
A9: 8 | B9: 14/06 | C9: Grupo D | D9: Austrália | E9: 10 | F9: x | G9: 10 | H9: Turquia | I9: =IF(OR(E9="",G9="",'Fase de Grupos'!F9="",'Fase de Grupos'!H9=""),"⏳",IF(AND(E9='Fase de Grupos'!F9,G9='Fase de Grupos'!H9),"✅ Placar exato!",IF(SIGN(E9-G9)=SIGN('Fase de Grupos'!F9-'Fase de Grupos'!H9),"🟡 Acertou resultado","❌ Errou"))) -> ❌ Errou | J9: =IF(OR(E9="",G9="",'Fase de Grupos'!F9="",'Fase de Grupos'!H9=""),"",IF(AND(E9='Fase de Grupos'!F9,G9='Fase de Grupos'!H9),5,IF(SIGN(E9-G9)=SIGN('Fase de Grupos'!F9-'Fase de Grupos'!H9),3,0))) -> 0
A10: 9 | B10: 14/06 | C10: Grupo E | D10: Alemanha | E10: 10 | F10: x | G10: 10 | H10: Curaçao | I10: =IF(OR(E10="",G10="",'Fase de Grupos'!F10="",'Fase de Grupos'!H10=""),"⏳",IF(AND(E10='Fase de Grupos'!F10,G10='Fase de Grupos'!H10),"✅ Placar exato!",IF(SIGN(E10-G10)=SIGN('Fase de Grupos'!F10-'Fase de Grupos'!H10),"🟡 Acertou resultado","❌ Errou"))) -> ❌ Errou | J10: =IF(OR(E10="",G10="",'Fase de Grupos'!F10="",'Fase de Grupos'!H10=""),"",IF(AND(E10='Fase de Grupos'!F10,G10='Fase de Grupos'!H10),5,IF(SIGN(E10-G10)=SIGN('Fase de Grupos'!F10-'Fase de Grupos'!H10),3,0))) -> 0
A11: 10 | B11: 14/06 | C11: Grupo F | D11: Holanda | E11: 10 | F11: x | G11: 11 | H11: Japão | I11: =IF(OR(E11="",G11="",'Fase de Grupos'!F11="",'Fase de Grupos'!H11=""),"⏳",IF(AND(E11='Fase de Grupos'!F11,G11='Fase de Grupos'!H11),"✅ Placar exato!",IF(SIGN(E11-G11)=SIGN('Fase de Grupos'!F11-'Fase de Grupos'!H11),"🟡 Acertou resultado","❌ Errou"))) -> ❌ Errou | J11: =IF(OR(E11="",G11="",'Fase de Grupos'!F11="",'Fase de Grupos'!H11=""),"",IF(AND(E11='Fase de Grupos'!F11,G11='Fase de Grupos'!H11),5,IF(SIGN(E11-G11)=SIGN('Fase de Grupos'!F11-'Fase de Grupos'!H11),3,0))) -> 0
A12: 11 | B12: 14/06 | C12: Grupo E | D12: Costa do Marfim | E12: 10 | F12: x | G12: 10 | H12: Equador | I12: =IF(OR(E12="",G12="",'Fase de Grupos'!F12="",'Fase de Grupos'!H12=""),"⏳",IF(AND(E12='Fase de Grupos'!F12,G12='Fase de Grupos'!H12),"✅ Placar exato!",IF(SIGN(E12-G12)=SIGN('Fase de Grupos'!F12-'Fase de Grupos'!H12),"🟡 Acertou resultado","❌ Errou"))) -> ❌ Errou | J12: =IF(OR(E12="",G12="",'Fase de Grupos'!F12="",'Fase de Grupos'!H12=""),"",IF(AND(E12='Fase de Grupos'!F12,G12='Fase de Grupos'!H12),5,IF(SIGN(E12-G12)=SIGN('Fase de Grupos'!F12-'Fase de Grupos'!H12),3,0))) -> 0
A13: 12 | B13: 14/06 | C13: Grupo F | D13: Suécia | E13: 10 | F13: x | G13: 10 | H13: Tunísia | I13: =IF(OR(E13="",G13="",'Fase de Grupos'!F13="",'Fase de Grupos'!H13=""),"⏳",IF(AND(E13='Fase de Grupos'!F13,G13='Fase de Grupos'!H13),"✅ Placar exato!",IF(SIGN(E13-G13)=SIGN('Fase de Grupos'!F13-'Fase de Grupos'!H13),"🟡 Acertou resultado","❌ Errou"))) -> ❌ Errou | J13: =IF(OR(E13="",G13="",'Fase de Grupos'!F13="",'Fase de Grupos'!H13=""),"",IF(AND(E13='Fase de Grupos'!F13,G13='Fase de Grupos'!H13),5,IF(SIGN(E13-G13)=SIGN('Fase de Grupos'!F13-'Fase de Grupos'!H13),3,0))) -> 0
... A73: 72 | B73: 27/06 | C73: Grupo K | D73: RD Congo | E73: 1 | F73: x | G73: 0 | H73: Uzbequistão | I73: =IF(OR(E73="",G73="",'Fase de Grupos'!F73="",'Fase de Grupos'!H73=""),"⏳",IF(AND(E73='Fase de Grupos'!F73,G73='Fase de Grupos'!H73),"✅ Placar exato!",IF(SIGN(E73-G73)=SIGN('Fase de Grupos'!F73-'Fase de Grupos'!H73),"🟡 Acertou resultado","❌ Errou"))) -> 🟡 Acertou resultado | J73: =IF(OR(E73="",G73="",'Fase de Grupos'!F73="",'Fase de Grupos'!H73=""),"",IF(AND(E73='Fase de Grupos'!F73,G73='Fase de Grupos'!H73),5,IF(SIGN(E73-G73)=SIGN('Fase de Grupos'!F73-'Fase de Grupos'!H73),3,0))) -> 3
H74: TOTAL DE PONTOS → | J74: =SUM(J2:J73) -> 142
H75: Pontuação máxima possível → | J75: 360
D77: 🏆 REGRAS DE PONTUAÇÃO DO BOLÃO
D79: Tipo de Acerto | E79: Símbolo | F79: Pontos
D80: Placar exato (ex: 2x1 = 2x1) | E80: ✅ | F80: 5 pontos
D81: Acertou resultado (vencedor/empate) | E81: 🟡 | F81: 3 pontos
D82: Errou o resultado | E82: ❌ | F82: 0 pontos
D83: Aguardando resultado/palpite | E83: ⏳ | F83: —

Sheet Palpites - Eliana
A1: Jogo # | B1: Data | C1: Grupo | D1: Seleção 1 | E1: Palpite 1 | F1: x | G1: Palpite 2 | H1: Seleção 2 | I1: Resultado | J1: Pontos
A2: 1 | B2: 11/06 | C2: Grupo A | D2: México | E2: 10 | F2: x | G2: 10 | H2: África do Sul | I2: =IF(OR(E2="",G2="",'Fase de Grupos'!F2="",'Fase de Grupos'!H2=""),"⏳",IF(AND(E2='Fase de Grupos'!F2,G2='Fase de Grupos'!H2),"✅ Placar exato!",IF(SIGN(E2-G2)=SIGN('Fase de Grupos'!F2-'Fase de Grupos'!H2),"🟡 Acertou resultado","❌ Errou"))) -> ❌ Errou | J2: =IF(OR(E2="",G2="",'Fase de Grupos'!F2="",'Fase de Grupos'!H2=""),"",IF(AND(E2='Fase de Grupos'!F2,G2='Fase de Grupos'!H2),5,IF(SIGN(E2-G2)=SIGN('Fase de Grupos'!F2-'Fase de Grupos'!H2),3,0))) -> 0
A3: 2 | B3: 11/06 | C3: Grupo A | D3: Coreia do Sul | E3: 10 | F3: x | G3: 10 | H3: República Tcheca | I3: =IF(OR(E3="",G3="",'Fase de Grupos'!F3="",'Fase de Grupos'!H3=""),"⏳",IF(AND(E3='Fase de Grupos'!F3,G3='Fase de Grupos'!H3),"✅ Placar exato!",IF(SIGN(E3-G3)=SIGN('Fase de Grupos'!F3-'Fase de Grupos'!H3),"🟡 Acertou resultado","❌ Errou"))) -> ❌ Errou | J3: =IF(OR(E3="",G3="",'Fase de Grupos'!F3="",'Fase de Grupos'!H3=""),"",IF(AND(E3='Fase de Grupos'!F3,G3='Fase de Grupos'!H3),5,IF(SIGN(E3-G3)=SIGN('Fase de Grupos'!F3-'Fase de Grupos'!H3),3,0))) -> 0
A4: 3 | B4: 12/06 | C4: Grupo B | D4: Canadá | E4: 10 | F4: x | G4: 11 | H4: Bósnia e Herzegovina | I4: =IF(OR(E4="",G4="",'Fase de Grupos'!F4="",'Fase de Grupos'!H4=""),"⏳",IF(AND(E4='Fase de Grupos'!F4,G4='Fase de Grupos'!H4),"✅ Placar exato!",IF(SIGN(E4-G4)=SIGN('Fase de Grupos'!F4-'Fase de Grupos'!H4),"🟡 Acertou resultado","❌ Errou"))) -> ❌ Errou | J4: =IF(OR(E4="",G4="",'Fase de Grupos'!F4="",'Fase de Grupos'!H4=""),"",IF(AND(E4='Fase de Grupos'!F4,G4='Fase de Grupos'!H4),5,IF(SIGN(E4-G4)=SIGN('Fase de Grupos'!F4-'Fase de Grupos'!H4),3,0))) -> 0
A5: 4 | B5: 12/06 | C5: Grupo D | D5: EUA | E5: 10 | F5: x | G5: 10 | H5: Paraguai | I5: =IF(OR(E5="",G5="",'Fase de Grupos'!F5="",'Fase de Grupos'!H5=""),"⏳",IF(AND(E5='Fase de Grupos'!F5,G5='Fase de Grupos'!H5),"✅ Placar exato!",IF(SIGN(E5-G5)=SIGN('Fase de Grupos'!F5-'Fase de Grupos'!H5),"🟡 Acertou resultado","❌ Errou"))) -> ❌ Errou | J5: =IF(OR(E5="",G5="",'Fase de Grupos'!F5="",'Fase de Grupos'!H5=""),"",IF(AND(E5='Fase de Grupos'!F5,G5='Fase de Grupos'!H5),5,IF(SIGN(E5-G5)=SIGN('Fase de Grupos'!F5-'Fase de Grupos'!H5),3,0))) -> 0
A6: 5 | B6: 13/06 | C6: Grupo B | D6: Catar | E6: 10 | F6: x | G6: 11 | H6: Suíça | I6: =IF(OR(E6="",G6="",'Fase de Grupos'!F6="",'Fase de Grupos'!H6=""),"⏳",IF(AND(E6='Fase de Grupos'!F6,G6='Fase de Grupos'!H6),"✅ Placar exato!",IF(SIGN(E6-G6)=SIGN('Fase de Grupos'!F6-'Fase de Grupos'!H6),"🟡 Acertou resultado","❌ Errou"))) -> ❌ Errou | J6: =IF(OR(E6="",G6="",'Fase de Grupos'!F6="",'Fase de Grupos'!H6=""),"",IF(AND(E6='Fase de Grupos'!F6,G6='Fase de Grupos'!H6),5,IF(SIGN(E6-G6)=SIGN('Fase de Grupos'!F6-'Fase de Grupos'!H6),3,0))) -> 0
A7: 6 | B7: 13/06 | C7: Grupo C | D7: Brasil | E7: 10 | F7: x | G7: 11 | H7: Marrocos | I7: =IF(OR(E7="",G7="",'Fase de Grupos'!F7="",'Fase de Grupos'!H7=""),"⏳",IF(AND(E7='Fase de Grupos'!F7,G7='Fase de Grupos'!H7),"✅ Placar exato!",IF(SIGN(E7-G7)=SIGN('Fase de Grupos'!F7-'Fase de Grupos'!H7),"🟡 Acertou resultado","❌ Errou"))) -> ❌ Errou | J7: =IF(OR(E7="",G7="",'Fase de Grupos'!F7="",'Fase de Grupos'!H7=""),"",IF(AND(E7='Fase de Grupos'!F7,G7='Fase de Grupos'!H7),5,IF(SIGN(E7-G7)=SIGN('Fase de Grupos'!F7-'Fase de Grupos'!H7),3,0))) -> 0
A8: 7 | B8: 13/06 | C8: Grupo C | D8: Haiti | E8: 10 | F8: x | G8: 10 | H8: Escócia | I8: =IF(OR(E8="",G8="",'Fase de Grupos'!F8="",'Fase de Grupos'!H8=""),"⏳",IF(AND(E8='Fase de Grupos'!F8,G8='Fase de Grupos'!H8),"✅ Placar exato!",IF(SIGN(E8-G8)=SIGN('Fase de Grupos'!F8-'Fase de Grupos'!H8),"🟡 Acertou resultado","❌ Errou"))) -> ❌ Errou | J8: =IF(OR(E8="",G8="",'Fase de Grupos'!F8="",'Fase de Grupos'!H8=""),"",IF(AND(E8='Fase de Grupos'!F8,G8='Fase de Grupos'!H8),5,IF(SIGN(E8-G8)=SIGN('Fase de Grupos'!F8-'Fase de Grupos'!H8),3,0))) -> 0
A9: 8 | B9: 14/06 | C9: Grupo D | D9: Austrália | E9: 10 | F9: x | G9: 10 | H9: Turquia | I9: =IF(OR(E9="",G9="",'Fase de Grupos'!F9="",'Fase de Grupos'!H9=""),"⏳",IF(AND(E9='Fase de Grupos'!F9,G9='Fase de Grupos'!H9),"✅ Placar exato!",IF(SIGN(E9-G9)=SIGN('Fase de Grupos'!F9-'Fase de Grupos'!H9),"🟡 Acertou resultado","❌ Errou"))) -> ❌ Errou | J9: =IF(OR(E9="",G9="",'Fase de Grupos'!F9="",'Fase de Grupos'!H9=""),"",IF(AND(E9='Fase de Grupos'!F9,G9='Fase de Grupos'!H9),5,IF(SIGN(E9-G9)=SIGN('Fase de Grupos'!F9-'Fase de Grupos'!H9),3,0))) -> 0
A10: 9 | B10: 14/06 | C10: Grupo E | D10: Alemanha | E10: 10 | F10: x | G10: 10 | H10: Curaçao | I10: =IF(OR(E10="",G10="",'Fase de Grupos'!F10="",'Fase de Grupos'!H10=""),"⏳",IF(AND(E10='Fase de Grupos'!F10,G10='Fase de Grupos'!H10),"✅ Placar exato!",IF(SIGN(E10-G10)=SIGN('Fase de Grupos'!F10-'Fase de Grupos'!H10),"🟡 Acertou resultado","❌ Errou"))) -> ❌ Errou | J10: =IF(OR(E10="",G10="",'Fase de Grupos'!F10="",'Fase de Grupos'!H10=""),"",IF(AND(E10='Fase de Grupos'!F10,G10='Fase de Grupos'!H10),5,IF(SIGN(E10-G10)=SIGN('Fase de Grupos'!F10-'Fase de Grupos'!H10),3,0))) -> 0
A11: 10 | B11: 14/06 | C11: Grupo F | D11: Holanda | E11: 10 | F11: x | G11: 11 | H11: Japão | I11: =IF(OR(E11="",G11="",'Fase de Grupos'!F11="",'Fase de Grupos'!H11=""),"⏳",IF(AND(E11='Fase de Grupos'!F11,G11='Fase de Grupos'!H11),"✅ Placar exato!",IF(SIGN(E11-G11)=SIGN('Fase de Grupos'!F11-'Fase de Grupos'!H11),"🟡 Acertou resultado","❌ Errou"))) -> ❌ Errou | J11: =IF(OR(E11="",G11="",'Fase de Grupos'!F11="",'Fase de Grupos'!H11=""),"",IF(AND(E11='Fase de Grupos'!F11,G11='Fase de Grupos'!H11),5,IF(SIGN(E11-G11)=SIGN('Fase de Grupos'!F11-'Fase de Grupos'!H11),3,0))) -> 0
A12: 11 | B12: 14/06 | C12: Grupo E | D12: Costa do Marfim | E12: 10 | F12: x | G12: 10 | H12: Equador | I12: =IF(OR(E12="",G12="",'Fase de Grupos'!F12="",'Fase de Grupos'!H12=""),"⏳",IF(AND(E12='Fase de Grupos'!F12,G12='Fase de Grupos'!H12),"✅ Placar exato!",IF(SIGN(E12-G12)=SIGN('Fase de Grupos'!F12-'Fase de Grupos'!H12),"🟡 Acertou resultado","❌ Errou"))) -> ❌ Errou | J12: =IF(OR(E12="",G12="",'Fase de Grupos'!F12="",'Fase de Grupos'!H12=""),"",IF(AND(E12='Fase de Grupos'!F12,G12='Fase de Grupos'!H12),5,IF(SIGN(E12-G12)=SIGN('Fase de Grupos'!F12-'Fase de Grupos'!H12),3,0))) -> 0
A13: 12 | B13: 14/06 | C13: Grupo F | D13: Suécia | E13: 10 | F13: x | G13: 10 | H13: Tunísia | I13: =IF(OR(E13="",G13="",'Fase de Grupos'!F13="",'Fase de Grupos'!H13=""),"⏳",IF(AND(E13='Fase de Grupos'!F13,G13='Fase de Grupos'!H13),"✅ Placar exato!",IF(SIGN(E13-G13)=SIGN('Fase de Grupos'!F13-'Fase de Grupos'!H13),"🟡 Acertou resultado","❌ Errou"))) -> ❌ Errou | J13: =IF(OR(E13="",G13="",'Fase de Grupos'!F13="",'Fase de Grupos'!H13=""),"",IF(AND(E13='Fase de Grupos'!F13,G13='Fase de Grupos'!H13),5,IF(SIGN(E13-G13)=SIGN('Fase de Grupos'!F13-'Fase de Grupos'!H13),3,0))) -> 0
... A73: 72 | B73: 27/06 | C73: Grupo K | D73: RD Congo | E73: 1 | F73: x | G73: 1 | H73: Uzbequistão | I73: =IF(OR(E73="",G73="",'Fase de Grupos'!F73="",'Fase de Grupos'!H73=""),"⏳",IF(AND(E73='Fase de Grupos'!F73,G73='Fase de Grupos'!H73),"✅ Placar exato!",IF(SIGN(E73-G73)=SIGN('Fase de Grupos'!F73-'Fase de Grupos'!H73),"🟡 Acertou resultado","❌ Errou"))) -> ❌ Errou | J73: =IF(OR(E73="",G73="",'Fase de Grupos'!F73="",'Fase de Grupos'!H73=""),"",IF(AND(E73='Fase de Grupos'!F73,G73='Fase de Grupos'!H73),5,IF(SIGN(E73-G73)=SIGN('Fase de Grupos'!F73-'Fase de Grupos'!H73),3,0))) -> 0
H74: TOTAL DE PONTOS → | J74: =SUM(J2:J73) -> 114
H75: Pontuação máxima possível → | J75: 360
D77: 🏆 REGRAS DE PONTUAÇÃO DO BOLÃO
D79: Tipo de Acerto | E79: Símbolo | F79: Pontos
D80: Placar exato (ex: 2x1 = 2x1) | E80: ✅ | F80: 5 pontos
D81: Acertou resultado (vencedor/empate) | E81: 🟡 | F81: 3 pontos
D82: Errou o resultado | E82: ❌ | F82: 0 pontos
D83: Aguardando resultado/palpite | E83: ⏳ | F83: —

Sheet Palpites - Sandra
A1: Jogo # | B1: Data | C1: Grupo | D1: Seleção 1 | E1: Palpite 1 | F1: x | G1: Palpite 2 | H1: Seleção 2 | I1: Resultado | J1: Pontos
A2: 1 | B2: 11/06 | C2: Grupo A | D2: México | E2: 10 | F2: x | G2: 10 | H2: África do Sul | I2: =IF(OR(E2="",G2="",'Fase de Grupos'!F2="",'Fase de Grupos'!H2=""),"⏳",IF(AND(E2='Fase de Grupos'!F2,G2='Fase de Grupos'!H2),"✅ Placar exato!",IF(SIGN(E2-G2)=SIGN('Fase de Grupos'!F2-'Fase de Grupos'!H2),"🟡 Acertou resultado","❌ Errou"))) -> ❌ Errou | J2: =IF(OR(E2="",G2="",'Fase de Grupos'!F2="",'Fase de Grupos'!H2=""),"",IF(AND(E2='Fase de Grupos'!F2,G2='Fase de Grupos'!H2),5,IF(SIGN(E2-G2)=SIGN('Fase de Grupos'!F2-'Fase de Grupos'!H2),3,0))) -> 0
A3: 2 | B3: 11/06 | C3: Grupo A | D3: Coreia do Sul | E3: 10 | F3: x | G3: 10 | H3: República Tcheca | I3: =IF(OR(E3="",G3="",'Fase de Grupos'!F3="",'Fase de Grupos'!H3=""),"⏳",IF(AND(E3='Fase de Grupos'!F3,G3='Fase de Grupos'!H3),"✅ Placar exato!",IF(SIGN(E3-G3)=SIGN('Fase de Grupos'!F3-'Fase de Grupos'!H3),"🟡 Acertou resultado","❌ Errou"))) -> ❌ Errou | J3: =IF(OR(E3="",G3="",'Fase de Grupos'!F3="",'Fase de Grupos'!H3=""),"",IF(AND(E3='Fase de Grupos'!F3,G3='Fase de Grupos'!H3),5,IF(SIGN(E3-G3)=SIGN('Fase de Grupos'!F3-'Fase de Grupos'!H3),3,0))) -> 0
A4: 3 | B4: 12/06 | C4: Grupo B | D4: Canadá | E4: 10 | F4: x | G4: 11 | H4: Bósnia e Herzegovina | I4: =IF(OR(E4="",G4="",'Fase de Grupos'!F4="",'Fase de Grupos'!H4=""),"⏳",IF(AND(E4='Fase de Grupos'!F4,G4='Fase de Grupos'!H4),"✅ Placar exato!",IF(SIGN(E4-G4)=SIGN('Fase de Grupos'!F4-'Fase de Grupos'!H4),"🟡 Acertou resultado","❌ Errou"))) -> ❌ Errou | J4: =IF(OR(E4="",G4="",'Fase de Grupos'!F4="",'Fase de Grupos'!H4=""),"",IF(AND(E4='Fase de Grupos'!F4,G4='Fase de Grupos'!H4),5,IF(SIGN(E4-G4)=SIGN('Fase de Grupos'!F4-'Fase de Grupos'!H4),3,0))) -> 0
A5: 4 | B5: 12/06 | C5: Grupo D | D5: EUA | E5: 10 | F5: x | G5: 10 | H5: Paraguai | I5: =IF(OR(E5="",G5="",'Fase de Grupos'!F5="",'Fase de Grupos'!H5=""),"⏳",IF(AND(E5='Fase de Grupos'!F5,G5='Fase de Grupos'!H5),"✅ Placar exato!",IF(SIGN(E5-G5)=SIGN('Fase de Grupos'!F5-'Fase de Grupos'!H5),"🟡 Acertou resultado","❌ Errou"))) -> ❌ Errou | J5: =IF(OR(E5="",G5="",'Fase de Grupos'!F5="",'Fase de Grupos'!H5=""),"",IF(AND(E5='Fase de Grupos'!F5,G5='Fase de Grupos'!H5),5,IF(SIGN(E5-G5)=SIGN('Fase de Grupos'!F5-'Fase de Grupos'!H5),3,0))) -> 0
A6: 5 | B6: 13/06 | C6: Grupo B | D6: Catar | E6: 10 | F6: x | G6: 11 | H6: Suíça | I6: =IF(OR(E6="",G6="",'Fase de Grupos'!F6="",'Fase de Grupos'!H6=""),"⏳",IF(AND(E6='Fase de Grupos'!F6,G6='Fase de Grupos'!H6),"✅ Placar exato!",IF(SIGN(E6-G6)=SIGN('Fase de Grupos'!F6-'Fase de Grupos'!H6),"🟡 Acertou resultado","❌ Errou"))) -> ❌ Errou | J6: =IF(OR(E6="",G6="",'Fase de Grupos'!F6="",'Fase de Grupos'!H6=""),"",IF(AND(E6='Fase de Grupos'!F6,G6='Fase de Grupos'!H6),5,IF(SIGN(E6-G6)=SIGN('Fase de Grupos'!F6-'Fase de Grupos'!H6),3,0))) -> 0
A7: 6 | B7: 13/06 | C7: Grupo C | D7: Brasil | E7: 10 | F7: x | G7: 11 | H7: Marrocos | I7: =IF(OR(E7="",G7="",'Fase de Grupos'!F7="",'Fase de Grupos'!H7=""),"⏳",IF(AND(E7='Fase de Grupos'!F7,G7='Fase de Grupos'!H7),"✅ Placar exato!",IF(SIGN(E7-G7)=SIGN('Fase de Grupos'!F7-'Fase de Grupos'!H7),"🟡 Acertou resultado","❌ Errou"))) -> ❌ Errou | J7: =IF(OR(E7="",G7="",'Fase de Grupos'!F7="",'Fase de Grupos'!H7=""),"",IF(AND(E7='Fase de Grupos'!F7,G7='Fase de Grupos'!H7),5,IF(SIGN(E7-G7)=SIGN('Fase de Grupos'!F7-'Fase de Grupos'!H7),3,0))) -> 0
A8: 7 | B8: 13/06 | C8: Grupo C | D8: Haiti | E8: 10 | F8: x | G8: 10 | H8: Escócia | I8: =IF(OR(E8="",G8="",'Fase de Grupos'!F8="",'Fase de Grupos'!H8=""),"⏳",IF(AND(E8='Fase de Grupos'!F8,G8='Fase de Grupos'!H8),"✅ Placar exato!",IF(SIGN(E8-G8)=SIGN('Fase de Grupos'!F8-'Fase de Grupos'!H8),"🟡 Acertou resultado","❌ Errou"))) -> ❌ Errou | J8: =IF(OR(E8="",G8="",'Fase de Grupos'!F8="",'Fase de Grupos'!H8=""),"",IF(AND(E8='Fase de Grupos'!F8,G8='Fase de Grupos'!H8),5,IF(SIGN(E8-G8)=SIGN('Fase de Grupos'!F8-'Fase de Grupos'!H8),3,0))) -> 0
A9: 8 | B9: 14/06 | C9: Grupo D | D9: Austrália | E9: 10 | F9: x | G9: 10 | H9: Turquia | I9: =IF(OR(E9="",G9="",'Fase de Grupos'!F9="",'Fase de Grupos'!H9=""),"⏳",IF(AND(E9='Fase de Grupos'!F9,G9='Fase de Grupos'!H9),"✅ Placar exato!",IF(SIGN(E9-G9)=SIGN('Fase de Grupos'!F9-'Fase de Grupos'!H9),"🟡 Acertou resultado","❌ Errou"))) -> ❌ Errou | J9: =IF(OR(E9="",G9="",'Fase de Grupos'!F9="",'Fase de Grupos'!H9=""),"",IF(AND(E9='Fase de Grupos'!F9,G9='Fase de Grupos'!H9),5,IF(SIGN(E9-G9)=SIGN('Fase de Grupos'!F9-'Fase de Grupos'!H9),3,0))) -> 0
A10: 9 | B10: 14/06 | C10: Grupo E | D10: Alemanha | E10: 10 | F10: x | G10: 10 | H10: Curaçao | I10: =IF(OR(E10="",G10="",'Fase de Grupos'!F10="",'Fase de Grupos'!H10=""),"⏳",IF(AND(E10='Fase de Grupos'!F10,G10='Fase de Grupos'!H10),"✅ Placar exato!",IF(SIGN(E10-G10)=SIGN('Fase de Grupos'!F10-'Fase de Grupos'!H10),"🟡 Acertou resultado","❌ Errou"))) -> ❌ Errou | J10: =IF(OR(E10="",G10="",'Fase de Grupos'!F10="",'Fase de Grupos'!H10=""),"",IF(AND(E10='Fase de Grupos'!F10,G10='Fase de Grupos'!H10),5,IF(SIGN(E10-G10)=SIGN('Fase de Grupos'!F10-'Fase de Grupos'!H10),3,0))) -> 0
A11: 10 | B11: 14/06 | C11: Grupo F | D11: Holanda | E11: 10 | F11: x | G11: 11 | H11: Japão | I11: =IF(OR(E11="",G11="",'Fase de Grupos'!F11="",'Fase de Grupos'!H11=""),"⏳",IF(AND(E11='Fase de Grupos'!F11,G11='Fase de Grupos'!H11),"✅ Placar exato!",IF(SIGN(E11-G11)=SIGN('Fase de Grupos'!F11-'Fase de Grupos'!H11),"🟡 Acertou resultado","❌ Errou"))) -> ❌ Errou | J11: =IF(OR(E11="",G11="",'Fase de Grupos'!F11="",'Fase de Grupos'!H11=""),"",IF(AND(E11='Fase de Grupos'!F11,G11='Fase de Grupos'!H11),5,IF(SIGN(E11-G11)=SIGN('Fase de Grupos'!F11-'Fase de Grupos'!H11),3,0))) -> 0
A12: 11 | B12: 14/06 | C12: Grupo E | D12: Costa do Marfim | E12: 10 | F12: x | G12: 10 | H12: Equador | I12: =IF(OR(E12="",G12="",'Fase de Grupos'!F12="",'Fase de Grupos'!H12=""),"⏳",IF(AND(E12='Fase de Grupos'!F12,G12='Fase de Grupos'!H12),"✅ Placar exato!",IF(SIGN(E12-G12)=SIGN('Fase de Grupos'!F12-'Fase de Grupos'!H12),"🟡 Acertou resultado","❌ Errou"))) -> ❌ Errou | J12: =IF(OR(E12="",G12="",'Fase de Grupos'!F12="",'Fase de Grupos'!H12=""),"",IF(AND(E12='Fase de Grupos'!F12,G12='Fase de Grupos'!H12),5,IF(SIGN(E12-G12)=SIGN('Fase de Grupos'!F12-'Fase de Grupos'!H12),3,0))) -> 0
A13: 12 | B13: 14/06 | C13: Grupo F | D13: Suécia | E13: 10 | F13: x | G13: 10 | H13: Tunísia | I13: =IF(OR(E13="",G13="",'Fase de Grupos'!F13="",'Fase de Grupos'!H13=""),"⏳",IF(AND(E13='Fase de Grupos'!F13,G13='Fase de Grupos'!H13),"✅ Placar exato!",IF(SIGN(E13-G13)=SIGN('Fase de Grupos'!F13-'Fase de Grupos'!H13),"🟡 Acertou resultado","❌ Errou"))) -> ❌ Errou | J13: =IF(OR(E13="",G13="",'Fase de Grupos'!F13="",'Fase de Grupos'!H13=""),"",IF(AND(E13='Fase de Grupos'!F13,G13='Fase de Grupos'!H13),5,IF(SIGN(E13-G13)=SIGN('Fase de Grupos'!F13-'Fase de Grupos'!H13),3,0))) -> 0
... A73: 72 | B73: 27/06 | C73: Grupo K | D73: RD Congo | E73: 1 | F73: x | G73: 0 | H73: Uzbequistão | I73: =IF(OR(E73="",G73="",'Fase de Grupos'!F73="",'Fase de Grupos'!H73=""),"⏳",IF(AND(E73='Fase de Grupos'!F73,G73='Fase de Grupos'!H73),"✅ Placar exato!",IF(SIGN(E73-G73)=SIGN('Fase de Grupos'!F73-'Fase de Grupos'!H73),"🟡 Acertou resultado","❌ Errou"))) -> 🟡 Acertou resultado | J73: =IF(OR(E73="",G73="",'Fase de Grupos'!F73="",'Fase de Grupos'!H73=""),"",IF(AND(E73='Fase de Grupos'!F73,G73='Fase de Grupos'!H73),5,IF(SIGN(E73-G73)=SIGN('Fase de Grupos'!F73-'Fase de Grupos'!H73),3,0))) -> 3
H74: TOTAL DE PONTOS → | J74: =SUM(J2:J73) -> 114
H75: Pontuação máxima possível → | J75: 360
D77: 🏆 REGRAS DE PONTUAÇÃO DO BOLÃO
D79: Tipo de Acerto | E79: Símbolo | F79: Pontos
D80: Placar exato (ex: 2x1 = 2x1) | E80: ✅ | F80: 5 pontos
D81: Acertou resultado (vencedor/empate) | E81: 🟡 | F81: 3 pontos
D82: Errou o resultado | E82: ❌ | F82: 0 pontos
D83: Aguardando resultado/palpite | E83: ⏳ | F83: —

Sheet Palpites - Vania
A1: Jogo # | B1: Data | C1: Grupo | D1: Seleção 1 | E1: Palpite 1 | F1: x | G1: Palpite 2 | H1: Seleção 2 | I1: Resultado | J1: Pontos
A2: 1 | B2: 11/06 | C2: Grupo A | D2: México | E2: 10 | F2: x | G2: 10 | H2: África do Sul | I2: =IF(OR(E2="",G2="",'Fase de Grupos'!F2="",'Fase de Grupos'!H2=""),"⏳",IF(AND(E2='Fase de Grupos'!F2,G2='Fase de Grupos'!H2),"✅ Placar exato!",IF(SIGN(E2-G2)=SIGN('Fase de Grupos'!F2-'Fase de Grupos'!H2),"🟡 Acertou resultado","❌ Errou"))) -> ❌ Errou | J2: =IF(OR(E2="",G2="",'Fase de Grupos'!F2="",'Fase de Grupos'!H2=""),"",IF(AND(E2='Fase de Grupos'!F2,G2='Fase de Grupos'!H2),5,IF(SIGN(E2-G2)=SIGN('Fase de Grupos'!F2-'Fase de Grupos'!H2),3,0))) -> 0
A3: 2 | B3: 11/06 | C3: Grupo A | D3: Coreia do Sul | E3: 10 | F3: x | G3: 10 | H3: República Tcheca | I3: =IF(OR(E3="",G3="",'Fase de Grupos'!F3="",'Fase de Grupos'!H3=""),"⏳",IF(AND(E3='Fase de Grupos'!F3,G3='Fase de Grupos'!H3),"✅ Placar exato!",IF(SIGN(E3-G3)=SIGN('Fase de Grupos'!F3-'Fase de Grupos'!H3),"🟡 Acertou resultado","❌ Errou"))) -> ❌ Errou | J3: =IF(OR(E3="",G3="",'Fase de Grupos'!F3="",'Fase de Grupos'!H3=""),"",IF(AND(E3='Fase de Grupos'!F3,G3='Fase de Grupos'!H3),5,IF(SIGN(E3-G3)=SIGN('Fase de Grupos'!F3-'Fase de Grupos'!H3),3,0))) -> 0
A4: 3 | B4: 12/06 | C4: Grupo B | D4: Canadá | E4: 10 | F4: x | G4: 11 | H4: Bósnia e Herzegovina | I4: =IF(OR(E4="",G4="",'Fase de Grupos'!F4="",'Fase de Grupos'!H4=""),"⏳",IF(AND(E4='Fase de Grupos'!F4,G4='Fase de Grupos'!H4),"✅ Placar exato!",IF(SIGN(E4-G4)=SIGN('Fase de Grupos'!F4-'Fase de Grupos'!H4),"🟡 Acertou resultado","❌ Errou"))) -> ❌ Errou | J4: =IF(OR(E4="",G4="",'Fase de Grupos'!F4="",'Fase de Grupos'!H4=""),"",IF(AND(E4='Fase de Grupos'!F4,G4='Fase de Grupos'!H4),5,IF(SIGN(E4-G4)=SIGN('Fase de Grupos'!F4-'Fase de Grupos'!H4),3,0))) -> 0
A5: 4 | B5: 12/06 | C5: Grupo D | D5: EUA | E5: 10 | F5: x | G5: 10 | H5: Paraguai | I5: =IF(OR(E5="",G5="",'Fase de Grupos'!F5="",'Fase de Grupos'!H5=""),"⏳",IF(AND(E5='Fase de Grupos'!F5,G5='Fase de Grupos'!H5),"✅ Placar exato!",IF(SIGN(E5-G5)=SIGN('Fase de Grupos'!F5-'Fase de Grupos'!H5),"🟡 Acertou resultado","❌ Errou"))) -> ❌ Errou | J5: =IF(OR(E5="",G5="",'Fase de Grupos'!F5="",'Fase de Grupos'!H5=""),"",IF(AND(E5='Fase de Grupos'!F5,G5='Fase de Grupos'!H5),5,IF(SIGN(E5-G5)=SIGN('Fase de Grupos'!F5-'Fase de Grupos'!H5),3,0))) -> 0
A6: 5 | B6: 13/06 | C6: Grupo B | D6: Catar | E6: 10 | F6: x | G6: 11 | H6: Suíça | I6: =IF(OR(E6="",G6="",'Fase de Grupos'!F6="",'Fase de Grupos'!H6=""),"⏳",IF(AND(E6='Fase de Grupos'!F6,G6='Fase de Grupos'!H6),"✅ Placar exato!",IF(SIGN(E6-G6)=SIGN('Fase de Grupos'!F6-'Fase de Grupos'!H6),"🟡 Acertou resultado","❌ Errou"))) -> ❌ Errou | J6: =IF(OR(E6="",G6="",'Fase de Grupos'!F6="",'Fase de Grupos'!H6=""),"",IF(AND(E6='Fase de Grupos'!F6,G6='Fase de Grupos'!H6),5,IF(SIGN(E6-G6)=SIGN('Fase de Grupos'!F6-'Fase de Grupos'!H6),3,0))) -> 0
A7: 6 | B7: 13/06 | C7: Grupo C | D7: Brasil | E7: 10 | F7: x | G7: 11 | H7: Marrocos | I7: =IF(OR(E7="",G7="",'Fase de Grupos'!F7="",'Fase de Grupos'!H7=""),"⏳",IF(AND(E7='Fase de Grupos'!F7,G7='Fase de Grupos'!H7),"✅ Placar exato!",IF(SIGN(E7-G7)=SIGN('Fase de Grupos'!F7-'Fase de Grupos'!H7),"🟡 Acertou resultado","❌ Errou"))) -> ❌ Errou | J7: =IF(OR(E7="",G7="",'Fase de Grupos'!F7="",'Fase de Grupos'!H7=""),"",IF(AND(E7='Fase de Grupos'!F7,G7='Fase de Grupos'!H7),5,IF(SIGN(E7-G7)=SIGN('Fase de Grupos'!F7-'Fase de Grupos'!H7),3,0))) -> 0
A8: 7 | B8: 13/06 | C8: Grupo C | D8: Haiti | E8: 10 | F8: x | G8: 10 | H8: Escócia | I8: =IF(OR(E8="",G8="",'Fase de Grupos'!F8="",'Fase de Grupos'!H8=""),"⏳",IF(AND(E8='Fase de Grupos'!F8,G8='Fase de Grupos'!H8),"✅ Placar exato!",IF(SIGN(E8-G8)=SIGN('Fase de Grupos'!F8-'Fase de Grupos'!H8),"🟡 Acertou resultado","❌ Errou"))) -> ❌ Errou | J8: =IF(OR(E8="",G8="",'Fase de Grupos'!F8="",'Fase de Grupos'!H8=""),"",IF(AND(E8='Fase de Grupos'!F8,G8='Fase de Grupos'!H8),5,IF(SIGN(E8-G8)=SIGN('Fase de Grupos'!F8-'Fase de Grupos'!H8),3,0))) -> 0
A9: 8 | B9: 14/06 | C9: Grupo D | D9: Austrália | E9: 10 | F9: x | G9: 10 | H9: Turquia | I9: =IF(OR(E9="",G9="",'Fase de Grupos'!F9="",'Fase de Grupos'!H9=""),"⏳",IF(AND(E9='Fase de Grupos'!F9,G9='Fase de Grupos'!H9),"✅ Placar exato!",IF(SIGN(E9-G9)=SIGN('Fase de Grupos'!F9-'Fase de Grupos'!H9),"🟡 Acertou resultado","❌ Errou"))) -> ❌ Errou | J9: =IF(OR(E9="",G9="",'Fase de Grupos'!F9="",'Fase de Grupos'!H9=""),"",IF(AND(E9='Fase de Grupos'!F9,G9='Fase de Grupos'!H9),5,IF(SIGN(E9-G9)=SIGN('Fase de Grupos'!F9-'Fase de Grupos'!H9),3,0))) -> 0
A10: 9 | B10: 14/06 | C10: Grupo E | D10: Alemanha | E10: 10 | F10: x | G10: 10 | H10: Curaçao | I10: =IF(OR(E10="",G10="",'Fase de Grupos'!F10="",'Fase de Grupos'!H10=""),"⏳",IF(AND(E10='Fase de Grupos'!F10,G10='Fase de Grupos'!H10),"✅ Placar exato!",IF(SIGN(E10-G10)=SIGN('Fase de Grupos'!F10-'Fase de Grupos'!H10),"🟡 Acertou resultado","❌ Errou"))) -> ❌ Errou | J10: =IF(OR(E10="",G10="",'Fase de Grupos'!F10="",'Fase de Grupos'!H10=""),"",IF(AND(E10='Fase de Grupos'!F10,G10='Fase de Grupos'!H10),5,IF(SIGN(E10-G10)=SIGN('Fase de Grupos'!F10-'Fase de Grupos'!H10),3,0))) -> 0
A11: 10 | B11: 14/06 | C11: Grupo F | D11: Holanda | E11: 10 | F11: x | G11: 11 | H11: Japão | I11: =IF(OR(E11="",G11="",'Fase de Grupos'!F11="",'Fase de Grupos'!H11=""),"⏳",IF(AND(E11='Fase de Grupos'!F11,G11='Fase de Grupos'!H11),"✅ Placar exato!",IF(SIGN(E11-G11)=SIGN('Fase de Grupos'!F11-'Fase de Grupos'!H11),"🟡 Acertou resultado","❌ Errou"))) -> ❌ Errou | J11: =IF(OR(E11="",G11="",'Fase de Grupos'!F11="",'Fase de Grupos'!H11=""),"",IF(AND(E11='Fase de Grupos'!F11,G11='Fase de Grupos'!H11),5,IF(SIGN(E11-G11)=SIGN('Fase de Grupos'!F11-'Fase de Grupos'!H11),3,0))) -> 0
A12: 11 | B12: 14/06 | C12: Grupo E | D12: Costa do Marfim | E12: 10 | F12: x | G12: 10 | H12: Equador | I12: =IF(OR(E12="",G12="",'Fase de Grupos'!F12="",'Fase de Grupos'!H12=""),"⏳",IF(AND(E12='Fase de Grupos'!F12,G12='Fase de Grupos'!H12),"✅ Placar exato!",IF(SIGN(E12-G12)=SIGN('Fase de Grupos'!F12-'Fase de Grupos'!H12),"🟡 Acertou resultado","❌ Errou"))) -> ❌ Errou | J12: =IF(OR(E12="",G12="",'Fase de Grupos'!F12="",'Fase de Grupos'!H12=""),"",IF(AND(E12='Fase de Grupos'!F12,G12='Fase de Grupos'!H12),5,IF(SIGN(E12-G12)=SIGN('Fase de Grupos'!F12-'Fase de Grupos'!H12),3,0))) -> 0
A13: 12 | B13: 14/06 | C13: Grupo F | D13: Suécia | E13: 10 | F13: x | G13: 10 | H13: Tunísia | I13: =IF(OR(E13="",G13="",'Fase de Grupos'!F13="",'Fase de Grupos'!H13=""),"⏳",IF(AND(E13='Fase de Grupos'!F13,G13='Fase de Grupos'!H13),"✅ Placar exato!",IF(SIGN(E13-G13)=SIGN('Fase de Grupos'!F13-'Fase de Grupos'!H13),"🟡 Acertou resultado","❌ Errou"))) -> ❌ Errou | J13: =IF(OR(E13="",G13="",'Fase de Grupos'!F13="",'Fase de Grupos'!H13=""),"",IF(AND(E13='Fase de Grupos'!F13,G13='Fase de Grupos'!H13),5,IF(SIGN(E13-G13)=SIGN('Fase de Grupos'!F13-'Fase de Grupos'!H13),3,0))) -> 0
A14: 13 | B14: 15/06 | C14: Grupo H | D14: Espanha | F14: x | H14: Cabo Verde | I14: =IF(OR(E14="",G14="",'Fase de Grupos'!F14="",'Fase de Grupos'!H14=""),"⏳",IF(AND(E14='Fase de Grupos'!F14,G14='Fase de Grupos'!H14),"✅ Placar exato!",IF(SIGN(E14-G14)=SIGN('Fase de Grupos'!F14-'Fase de Grupos'!H14),"🟡 Acertou resultado","❌ Errou"))) -> ⏳ | J14: =IF(OR(E14="",G14="",'Fase de Grupos'!F14="",'Fase de Grupos'!H14=""),"",IF(AND(E14='Fase de Grupos'!F14,G14='Fase de Grupos'!H14),5,IF(SIGN(E14-G14)=SIGN('Fase de Grupos'!F14-'Fase de Grupos'!H14),3,0)))
A15: 14 | B15: 15/06 | C15: Grupo G | D15: Bélgica | F15: x | H15: Egito | I15: =IF(OR(E15="",G15="",'Fase de Grupos'!F15="",'Fase de Grupos'!H15=""),"⏳",IF(AND(E15='Fase de Grupos'!F15,G15='Fase de Grupos'!H15),"✅ Placar exato!",IF(SIGN(E15-G15)=SIGN('Fase de Grupos'!F15-'Fase de Grupos'!H15),"🟡 Acertou resultado","❌ Errou"))) -> ⏳ | J15: =IF(OR(E15="",G15="",'Fase de Grupos'!F15="",'Fase de Grupos'!H15=""),"",IF(AND(E15='Fase de Grupos'!F15,G15='Fase de Grupos'!H15),5,IF(SIGN(E15-G15)=SIGN('Fase de Grupos'!F15-'Fase de Grupos'!H15),3,0)))
A16: 15 | B16: 15/06 | C16: Grupo H | D16: Arábia Saudita | F16: x | H16: Uruguai | I16: =IF(OR(E16="",G16="",'Fase de Grupos'!F16="",'Fase de Grupos'!H16=""),"⏳",IF(AND(E16='Fase de Grupos'!F16,G16='Fase de Grupos'!H16),"✅ Placar exato!",IF(SIGN(E16-G16)=SIGN('Fase de Grupos'!F16-'Fase de Grupos'!H16),"🟡 Acertou resultado","❌ Errou"))) -> ⏳ | J16: =IF(OR(E16="",G16="",'Fase de Grupos'!F16="",'Fase de Grupos'!H16=""),"",IF(AND(E16='Fase de Grupos'!F16,G16='Fase de Grupos'!H16),5,IF(SIGN(E16-G16)=SIGN('Fase de Grupos'!F16-'Fase de Grupos'!H16),3,0)))
A17: 16 | B17: 15/06 | C17: Grupo G | D17: Irã | F17: x | H17: Nova Zelândia | I17: =IF(OR(E17="",G17="",'Fase de Grupos'!F17="",'Fase de Grupos'!H17=""),"⏳",IF(AND(E17='Fase de Grupos'!F17,G17='Fase de Grupos'!H17),"✅ Placar exato!",IF(SIGN(E17-G17)=SIGN('Fase de Grupos'!F17-'Fase de Grupos'!H17),"🟡 Acertou resultado","❌ Errou"))) -> ⏳ | J17: =IF(OR(E17="",G17="",'Fase de Grupos'!F17="",'Fase de Grupos'!H17=""),"",IF(AND(E17='Fase de Grupos'!F17,G17='Fase de Grupos'!H17),5,IF(SIGN(E17-G17)=SIGN('Fase de Grupos'!F17-'Fase de Grupos'!H17),3,0)))
A18: 17 | B18: 16/06 | C18: Grupo I | D18: França | E18: 2 | F18: x | G18: 1 | H18: Senegal | I18: =IF(OR(E18="",G18="",'Fase de Grupos'!F18="",'Fase de Grupos'!H18=""),"⏳",IF(AND(E18='Fase de Grupos'!F18,G18='Fase de Grupos'!H18),"✅ Placar exato!",IF(SIGN(E18-G18)=SIGN('Fase de Grupos'!F18-'Fase de Grupos'!H18),"🟡 Acertou resultado","❌ Errou"))) -> 🟡 Acertou resultado | J18: =IF(OR(E18="",G18="",'Fase de Grupos'!F18="",'Fase de Grupos'!H18=""),"",IF(AND(E18='Fase de Grupos'!F18,G18='Fase de Grupos'!H18),5,IF(SIGN(E18-G18)=SIGN('Fase de Grupos'!F18-'Fase de Grupos'!H18),3,0))) -> 3
A19: 18 | B19: 16/06 | C19: Grupo I | D19: Iraque | E19: 1 | F19: x | G19: 2 | H19: Noruega | I19: =IF(OR(E19="",G19="",'Fase de Grupos'!F19="",'Fase de Grupos'!H19=""),"⏳",IF(AND(E19='Fase de Grupos'!F19,G19='Fase de Grupos'!H19),"✅ Placar exato!",IF(SIGN(E19-G19)=SIGN('Fase de Grupos'!F19-'Fase de Grupos'!H19),"🟡 Acertou resultado","❌ Errou"))) -> 🟡 Acertou resultado | J19: =IF(OR(E19="",G19="",'Fase de Grupos'!F19="",'Fase de Grupos'!H19=""),"",IF(AND(E19='Fase de Grupos'!F19,G19='Fase de Grupos'!H19),5,IF(SIGN(E19-G19)=SIGN('Fase de Grupos'!F19-'Fase de Grupos'!H19),3,0))) -> 3
A20: 19 | B20: 16/06 | C20: Grupo J | D20: Argentina | E20: 3 | F20: x | G20: 0 | H20: Argélia | I20: =IF(OR(E20="",G20="",'Fase de Grupos'!F20="",'Fase de Grupos'!H20=""),"⏳",IF(AND(E20='Fase de Grupos'!F20,G20='Fase de Grupos'!H20),"✅ Placar exato!",IF(SIGN(E20-G20)=SIGN('Fase de Grupos'!F20-'Fase de Grupos'!H20),"🟡 Acertou resultado","❌ Errou"))) -> ✅ Placar exato! | J20: =IF(OR(E20="",G20="",'Fase de Grupos'!F20="",'Fase de Grupos'!H20=""),"",IF(AND(E20='Fase de Grupos'!F20,G20='Fase de Grupos'!H20),5,IF(SIGN(E20-G20)=SIGN('Fase de Grupos'!F20-'Fase de Grupos'!H20),3,0))) -> 5
A21: 20 | B21: 17/06 | C21: Grupo J | D21: Áustria | E21: 2 | F21: x | G21: 0 | H21: Jordânia | I21: =IF(OR(E21="",G21="",'Fase de Grupos'!F21="",'Fase de Grupos'!H21=""),"⏳",IF(AND(E21='Fase de Grupos'!F21,G21='Fase de Grupos'!H21),"✅ Placar exato!",IF(SIGN(E21-G21)=SIGN('Fase de Grupos'!F21-'Fase de Grupos'!H21),"🟡 Acertou resultado","❌ Errou"))) -> 🟡 Acertou resultado | J21: =IF(OR(E21="",G21="",'Fase de Grupos'!F21="",'Fase de Grupos'!H21=""),"",IF(AND(E21='Fase de Grupos'!F21,G21='Fase de Grupos'!H21),5,IF(SIGN(E21-G21)=SIGN('Fase de Grupos'!F21-'Fase de Grupos'!H21),3,0))) -> 3
A22: 21 | B22: 17/06 | C22: Grupo K | D22: Portugal | E22: 2 | F22: x | G22: 1 | H22: RD Congo | I22: =IF(OR(E22="",G22="",'Fase de Grupos'!F22="",'Fase de Grupos'!H22=""),"⏳",IF(AND(E22='Fase de Grupos'!F22,G22='Fase de Grupos'!H22),"✅ Placar exato!",IF(SIGN(E22-G22)=SIGN('Fase de Grupos'!F22-'Fase de Grupos'!H22),"🟡 Acertou resultado","❌ Errou"))) -> ❌ Errou | J22: =IF(OR(E22="",G22="",'Fase de Grupos'!F22="",'Fase de Grupos'!H22=""),"",IF(AND(E22='Fase de Grupos'!F22,G22='Fase de Grupos'!H22),5,IF(SIGN(E22-G22)=SIGN('Fase de Grupos'!F22-'Fase de Grupos'!H22),3,0))) -> 0
A23: 22 | B23: 17/06 | C23: Grupo L | D23: Inglaterra | E23: 2 | F23: x | G23: 2 | H23: Croácia | I23: =IF(OR(E23="",G23="",'Fase de Grupos'!F23="",'Fase de Grupos'!H23=""),"⏳",IF(AND(E23='Fase de Grupos'!F23,G23='Fase de Grupos'!H23),"✅ Placar exato!",IF(SIGN(E23-G23)=SIGN('Fase de Grupos'!F23-'Fase de Grupos'!H23),"🟡 Acertou resultado","❌ Errou"))) -> ❌ Errou | J23: =IF(OR(E23="",G23="",'Fase de Grupos'!F23="",'Fase de Grupos'!H23=""),"",IF(AND(E23='Fase de Grupos'!F23,G23='Fase de Grupos'!H23),5,IF(SIGN(E23-G23)=SIGN('Fase de Grupos'!F23-'Fase de Grupos'!H23),3,0))) -> 0
A24: 23 | B24: 17/06 | C24: Grupo L | D24: Gana | E24: 2 | F24: x | G24: 0 | H24: Panamá | I24: =IF(OR(E24="",G24="",'Fase de Grupos'!F24="",'Fase de Grupos'!H24=""),"⏳",IF(AND(E24='Fase de Grupos'!F24,G24='Fase de Grupos'!H24),"✅ Placar exato!",IF(SIGN(E24-G24)=SIGN('Fase de Grupos'!F24-'Fase de Grupos'!H24),"🟡 Acertou resultado","❌ Errou"))) -> 🟡 Acertou resultado | J24: =IF(OR(E24="",G24="",'Fase de Grupos'!F24="",'Fase de Grupos'!H24=""),"",IF(AND(E24='Fase de Grupos'!F24,G24='Fase de Grupos'!H24),5,IF(SIGN(E24-G24)=SIGN('Fase de Grupos'!F24-'Fase de Grupos'!H24),3,0))) -> 3
A25: 24 | B25: 17/06 | C25: Grupo K | D25: Uzbequistão | E25: 0 | F25: x | G25: 2 | H25: Colômbia | I25: =IF(OR(E25="",G25="",'Fase de Grupos'!F25="",'Fase de Grupos'!H25=""),"⏳",IF(AND(E25='Fase de Grupos'!F25,G25='Fase de Grupos'!H25),"✅ Placar exato!",IF(SIGN(E25-G25)=SIGN('Fase de Grupos'!F25-'Fase de Grupos'!H25),"🟡 Acertou resultado","❌ Errou"))) -> 🟡 Acertou resultado | J25: =IF(OR(E25="",G25="",'Fase de Grupos'!F25="",'Fase de Grupos'!H25=""),"",IF(AND(E25='Fase de Grupos'!F25,G25='Fase de Grupos'!H25),5,IF(SIGN(E25-G25)=SIGN('Fase de Grupos'!F25-'Fase de Grupos'!H25),3,0))) -> 3
A26: 25 | B26: 18/06 | C26: Grupo A | D26: República Tcheca | E26: 1 | F26: x | G26: 1 | H26: África do Sul | I26: =IF(OR(E26="",G26="",'Fase de Grupos'!F26="",'Fase de Grupos'!H26=""),"⏳",IF(AND(E26='Fase de Grupos'!F26,G26='Fase de Grupos'!H26),"✅ Placar exato!",IF(SIGN(E26-G26)=SIGN('Fase de Grupos'!F26-'Fase de Grupos'!H26),"🟡 Acertou resultado","❌ Errou"))) -> ✅ Placar exato! | J26: =IF(OR(E26="",G26="",'Fase de Grupos'!F26="",'Fase de Grupos'!H26=""),"",IF(AND(E26='Fase de Grupos'!F26,G26='Fase de Grupos'!H26),5,IF(SIGN(E26-G26)=SIGN('Fase de Grupos'!F26-'Fase de Grupos'!H26),3,0))) -> 5
A27: 26 | B27: 18/06 | C27: Grupo B | D27: Suíça | E27: 2 | F27: x | G27: 0 | H27: Bósnia e Herzegovina | I27: =IF(OR(E27="",G27="",'Fase de Grupos'!F27="",'Fase de Grupos'!H27=""),"⏳",IF(AND(E27='Fase de Grupos'!F27,G27='Fase de Grupos'!H27),"✅ Placar exato!",IF(SIGN(E27-G27)=SIGN('Fase de Grupos'!F27-'Fase de Grupos'!H27),"🟡 Acertou resultado","❌ Errou"))) -> 🟡 Acertou resultado | J27: =IF(OR(E27="",G27="",'Fase de Grupos'!F27="",'Fase de Grupos'!H27=""),"",IF(AND(E27='Fase de Grupos'!F27,G27='Fase de Grupos'!H27),5,IF(SIGN(E27-G27)=SIGN('Fase de Grupos'!F27-'Fase de Grupos'!H27),3,0))) -> 3
A28: 27 | B28: 18/06 | C28: Grupo B | D28: Canadá | E28: 1 | F28: x | G28: 1 | H28: Catar | I28: =IF(OR(E28="",G28="",'Fase de Grupos'!F28="",'Fase de Grupos'!H28=""),"⏳",IF(AND(E28='Fase de Grupos'!F28,G28='Fase de Grupos'!H28),"✅ Placar exato!",IF(SIGN(E28-G28)=SIGN('Fase de Grupos'!F28-'Fase de Grupos'!H28),"🟡 Acertou resultado","❌ Errou"))) -> ❌ Errou | J28: =IF(OR(E28="",G28="",'Fase de Grupos'!F28="",'Fase de Grupos'!H28=""),"",IF(AND(E28='Fase de Grupos'!F28,G28='Fase de Grupos'!H28),5,IF(SIGN(E28-G28)=SIGN('Fase de Grupos'!F28-'Fase de Grupos'!H28),3,0))) -> 0
A29: 28 | B29: 18/06 | C29: Grupo A | D29: México | E29: 2 | F29: x | G29: 2 | H29: Coreia do Sul | I29: =IF(OR(E29="",G29="",'Fase de Grupos'!F29="",'Fase de Grupos'!H29=""),"⏳",IF(AND(E29='Fase de Grupos'!F29,G29='Fase de Grupos'!H29),"✅ Placar exato!",IF(SIGN(E29-G29)=SIGN('Fase de Grupos'!F29-'Fase de Grupos'!H29),"🟡 Acertou resultado","❌ Errou"))) -> ❌ Errou | J29: =IF(OR(E29="",G29="",'Fase de Grupos'!F29="",'Fase de Grupos'!H29=""),"",IF(AND(E29='Fase de Grupos'!F29,G29='Fase de Grupos'!H29),5,IF(SIGN(E29-G29)=SIGN('Fase de Grupos'!F29-'Fase de Grupos'!H29),3,0))) -> 0
... A73: 72 | B73: 27/06 | C73: Grupo K | D73: RD Congo | E73: 2 | F73: x | G73: 1 | H73: Uzbequistão | I73: =IF(OR(E73="",G73="",'Fase de Grupos'!F73="",'Fase de Grupos'!H73=""),"⏳",IF(AND(E73='Fase de Grupos'!F73,G73='Fase de Grupos'!H73),"✅ Placar exato!",IF(SIGN(E73-G73)=SIGN('Fase de Grupos'!F73-'Fase de Grupos'!H73),"🟡 Acertou resultado","❌ Errou"))) -> 🟡 Acertou resultado | J73: =IF(OR(E73="",G73="",'Fase de Grupos'!F73="",'Fase de Grupos'!H73=""),"",IF(AND(E73='Fase de Grupos'!F73,G73='Fase de Grupos'!H73),5,IF(SIGN(E73-G73)=SIGN('Fase de Grupos'!F73-'Fase de Grupos'!H73),3,0))) -> 3
H74: TOTAL DE PONTOS → | J74: =SUM(J2:J73) -> 115
H75: Pontuação máxima possível → | J75: 360
D77: 🏆 REGRAS DE PONTUAÇÃO DO BOLÃO
D79: Tipo de Acerto | E79: Símbolo | F79: Pontos
D80: Placar exato (ex: 2x1 = 2x1) | E80: ✅ | F80: 5 pontos
D81: Acertou resultado (vencedor/empate) | E81: 🟡 | F81: 3 pontos
D82: Errou o resultado | E82: ❌ | F82: 0 pontos
D83: Aguardando resultado/palpite | E83: ⏳ | F83: —

Sheet Palpites - Andrey
A1: Jogo # | B1: Data | C1: Grupo | D1: Seleção 1 | E1: Palpite 1 | F1: x | G1: Palpite 2 | H1: Seleção 2 | I1: Resultado | J1: Pontos
A2: 1 | B2: 11/06 | C2: Grupo A | D2: México | E2: 10 | F2: x | G2: 10 | H2: África do Sul | I2: =IF(OR(E2="",G2="",'Fase de Grupos'!F2="",'Fase de Grupos'!H2=""),"⏳",IF(AND(E2='Fase de Grupos'!F2,G2='Fase de Grupos'!H2),"✅ Placar exato!",IF(SIGN(E2-G2)=SIGN('Fase de Grupos'!F2-'Fase de Grupos'!H2),"🟡 Acertou resultado","❌ Errou"))) -> ❌ Errou | J2: =IF(OR(E2="",G2="",'Fase de Grupos'!F2="",'Fase de Grupos'!H2=""),"",IF(AND(E2='Fase de Grupos'!F2,G2='Fase de Grupos'!H2),5,IF(SIGN(E2-G2)=SIGN('Fase de Grupos'!F2-'Fase de Grupos'!H2),3,0))) -> 0
A3: 2 | B3: 11/06 | C3: Grupo A | D3: Coreia do Sul | E3: 10 | F3: x | G3: 10 | H3: República Tcheca | I3: =IF(OR(E3="",G3="",'Fase de Grupos'!F3="",'Fase de Grupos'!H3=""),"⏳",IF(AND(E3='Fase de Grupos'!F3,G3='Fase de Grupos'!H3),"✅ Placar exato!",IF(SIGN(E3-G3)=SIGN('Fase de Grupos'!F3-'Fase de Grupos'!H3),"🟡 Acertou resultado","❌ Errou"))) -> ❌ Errou | J3: =IF(OR(E3="",G3="",'Fase de Grupos'!F3="",'Fase de Grupos'!H3=""),"",IF(AND(E3='Fase de Grupos'!F3,G3='Fase de Grupos'!H3),5,IF(SIGN(E3-G3)=SIGN('Fase de Grupos'!F3-'Fase de Grupos'!H3),3,0))) -> 0
A4: 3 | B4: 12/06 | C4: Grupo B | D4: Canadá | E4: 10 | F4: x | G4: 11 | H4: Bósnia e Herzegovina | I4: =IF(OR(E4="",G4="",'Fase de Grupos'!F4="",'Fase de Grupos'!H4=""),"⏳",IF(AND(E4='Fase de Grupos'!F4,G4='Fase de Grupos'!H4),"✅ Placar exato!",IF(SIGN(E4-G4)=SIGN('Fase de Grupos'!F4-'Fase de Grupos'!H4),"🟡 Acertou resultado","❌ Errou"))) -> ❌ Errou | J4: =IF(OR(E4="",G4="",'Fase de Grupos'!F4="",'Fase de Grupos'!H4=""),"",IF(AND(E4='Fase de Grupos'!F4,G4='Fase de Grupos'!H4),5,IF(SIGN(E4-G4)=SIGN('Fase de Grupos'!F4-'Fase de Grupos'!H4),3,0))) -> 0
A5: 4 | B5: 12/06 | C5: Grupo D | D5: EUA | E5: 10 | F5: x | G5: 10 | H5: Paraguai | I5: =IF(OR(E5="",G5="",'Fase de Grupos'!F5="",'Fase de Grupos'!H5=""),"⏳",IF(AND(E5='Fase de Grupos'!F5,G5='Fase de Grupos'!H5),"✅ Placar exato!",IF(SIGN(E5-G5)=SIGN('Fase de Grupos'!F5-'Fase de Grupos'!H5),"🟡 Acertou resultado","❌ Errou"))) -> ❌ Errou | J5: =IF(OR(E5="",G5="",'Fase de Grupos'!F5="",'Fase de Grupos'!H5=""),"",IF(AND(E5='Fase de Grupos'!F5,G5='Fase de Grupos'!H5),5,IF(SIGN(E5-G5)=SIGN('Fase de Grupos'!F5-'Fase de Grupos'!H5),3,0))) -> 0
A6: 5 | B6: 13/06 | C6: Grupo B | D6: Catar | E6: 10 | F6: x | G6: 11 | H6: Suíça | I6: =IF(OR(E6="",G6="",'Fase de Grupos'!F6="",'Fase de Grupos'!H6=""),"⏳",IF(AND(E6='Fase de Grupos'!F6,G6='Fase de Grupos'!H6),"✅ Placar exato!",IF(SIGN(E6-G6)=SIGN('Fase de Grupos'!F6-'Fase de Grupos'!H6),"🟡 Acertou resultado","❌ Errou"))) -> ❌ Errou | J6: =IF(OR(E6="",G6="",'Fase de Grupos'!F6="",'Fase de Grupos'!H6=""),"",IF(AND(E6='Fase de Grupos'!F6,G6='Fase de Grupos'!H6),5,IF(SIGN(E6-G6)=SIGN('Fase de Grupos'!F6-'Fase de Grupos'!H6),3,0))) -> 0
A7: 6 | B7: 13/06 | C7: Grupo C | D7: Brasil | E7: 10 | F7: x | G7: 11 | H7: Marrocos | I7: =IF(OR(E7="",G7="",'Fase de Grupos'!F7="",'Fase de Grupos'!H7=""),"⏳",IF(AND(E7='Fase de Grupos'!F7,G7='Fase de Grupos'!H7),"✅ Placar exato!",IF(SIGN(E7-G7)=SIGN('Fase de Grupos'!F7-'Fase de Grupos'!H7),"🟡 Acertou resultado","❌ Errou"))) -> ❌ Errou | J7: =IF(OR(E7="",G7="",'Fase de Grupos'!F7="",'Fase de Grupos'!H7=""),"",IF(AND(E7='Fase de Grupos'!F7,G7='Fase de Grupos'!H7),5,IF(SIGN(E7-G7)=SIGN('Fase de Grupos'!F7-'Fase de Grupos'!H7),3,0))) -> 0
A8: 7 | B8: 13/06 | C8: Grupo C | D8: Haiti | E8: 10 | F8: x | G8: 10 | H8: Escócia | I8: =IF(OR(E8="",G8="",'Fase de Grupos'!F8="",'Fase de Grupos'!H8=""),"⏳",IF(AND(E8='Fase de Grupos'!F8,G8='Fase de Grupos'!H8),"✅ Placar exato!",IF(SIGN(E8-G8)=SIGN('Fase de Grupos'!F8-'Fase de Grupos'!H8),"🟡 Acertou resultado","❌ Errou"))) -> ❌ Errou | J8: =IF(OR(E8="",G8="",'Fase de Grupos'!F8="",'Fase de Grupos'!H8=""),"",IF(AND(E8='Fase de Grupos'!F8,G8='Fase de Grupos'!H8),5,IF(SIGN(E8-G8)=SIGN('Fase de Grupos'!F8-'Fase de Grupos'!H8),3,0))) -> 0
A9: 8 | B9: 14/06 | C9: Grupo D | D9: Austrália | E9: 10 | F9: x | G9: 10 | H9: Turquia | I9: =IF(OR(E9="",G9="",'Fase de Grupos'!F9="",'Fase de Grupos'!H9=""),"⏳",IF(AND(E9='Fase de Grupos'!F9,G9='Fase de Grupos'!H9),"✅ Placar exato!",IF(SIGN(E9-G9)=SIGN('Fase de Grupos'!F9-'Fase de Grupos'!H9),"🟡 Acertou resultado","❌ Errou"))) -> ❌ Errou | J9: =IF(OR(E9="",G9="",'Fase de Grupos'!F9="",'Fase de Grupos'!H9=""),"",IF(AND(E9='Fase de Grupos'!F9,G9='Fase de Grupos'!H9),5,IF(SIGN(E9-G9)=SIGN('Fase de Grupos'!F9-'Fase de Grupos'!H9),3,0))) -> 0
A10: 9 | B10: 14/06 | C10: Grupo E | D10: Alemanha | E10: 10 | F10: x | G10: 10 | H10: Curaçao | I10: =IF(OR(E10="",G10="",'Fase de Grupos'!F10="",'Fase de Grupos'!H10=""),"⏳",IF(AND(E10='Fase de Grupos'!F10,G10='Fase de Grupos'!H10),"✅ Placar exato!",IF(SIGN(E10-G10)=SIGN('Fase de Grupos'!F10-'Fase de Grupos'!H10),"🟡 Acertou resultado","❌ Errou"))) -> ❌ Errou | J10: =IF(OR(E10="",G10="",'Fase de Grupos'!F10="",'Fase de Grupos'!H10=""),"",IF(AND(E10='Fase de Grupos'!F10,G10='Fase de Grupos'!H10),5,IF(SIGN(E10-G10)=SIGN('Fase de Grupos'!F10-'Fase de Grupos'!H10),3,0))) -> 0
A11: 10 | B11: 14/06 | C11: Grupo F | D11: Holanda | E11: 10 | F11: x | G11: 11 | H11: Japão | I11: =IF(OR(E11="",G11="",'Fase de Grupos'!F11="",'Fase de Grupos'!H11=""),"⏳",IF(AND(E11='Fase de Grupos'!F11,G11='Fase de Grupos'!H11),"✅ Placar exato!",IF(SIGN(E11-G11)=SIGN('Fase de Grupos'!F11-'Fase de Grupos'!H11),"🟡 Acertou resultado","❌ Errou"))) -> ❌ Errou | J11: =IF(OR(E11="",G11="",'Fase de Grupos'!F11="",'Fase de Grupos'!H11=""),"",IF(AND(E11='Fase de Grupos'!F11,G11='Fase de Grupos'!H11),5,IF(SIGN(E11-G11)=SIGN('Fase de Grupos'!F11-'Fase de Grupos'!H11),3,0))) -> 0
A12: 11 | B12: 14/06 | C12: Grupo E | D12: Costa do Marfim | E12: 10 | F12: x | G12: 10 | H12: Equador | I12: =IF(OR(E12="",G12="",'Fase de Grupos'!F12="",'Fase de Grupos'!H12=""),"⏳",IF(AND(E12='Fase de Grupos'!F12,G12='Fase de Grupos'!H12),"✅ Placar exato!",IF(SIGN(E12-G12)=SIGN('Fase de Grupos'!F12-'Fase de Grupos'!H12),"🟡 Acertou resultado","❌ Errou"))) -> ❌ Errou | J12: =IF(OR(E12="",G12="",'Fase de Grupos'!F12="",'Fase de Grupos'!H12=""),"",IF(AND(E12='Fase de Grupos'!F12,G12='Fase de Grupos'!H12),5,IF(SIGN(E12-G12)=SIGN('Fase de Grupos'!F12-'Fase de Grupos'!H12),3,0))) -> 0
A13: 12 | B13: 14/06 | C13: Grupo F | D13: Suécia | E13: 10 | F13: x | G13: 10 | H13: Tunísia | I13: =IF(OR(E13="",G13="",'Fase de Grupos'!F13="",'Fase de Grupos'!H13=""),"⏳",IF(AND(E13='Fase de Grupos'!F13,G13='Fase de Grupos'!H13),"✅ Placar exato!",IF(SIGN(E13-G13)=SIGN('Fase de Grupos'!F13-'Fase de Grupos'!H13),"🟡 Acertou resultado","❌ Errou"))) -> ❌ Errou | J13: =IF(OR(E13="",G13="",'Fase de Grupos'!F13="",'Fase de Grupos'!H13=""),"",IF(AND(E13='Fase de Grupos'!F13,G13='Fase de Grupos'!H13),5,IF(SIGN(E13-G13)=SIGN('Fase de Grupos'!F13-'Fase de Grupos'!H13),3,0))) -> 0
... A73: 72 | B73: 27/06 | C73: Grupo K | D73: RD Congo | E73: 1 | F73: x | G73: 1 | H73: Uzbequistão | I73: =IF(OR(E73="",G73="",'Fase de Grupos'!F73="",'Fase de Grupos'!H73=""),"⏳",IF(AND(E73='Fase de Grupos'!F73,G73='Fase de Grupos'!H73),"✅ Placar exato!",IF(SIGN(E73-G73)=SIGN('Fase de Grupos'!F73-'Fase de Grupos'!H73),"🟡 Acertou resultado","❌ Errou"))) -> ❌ Errou | J73: =IF(OR(E73="",G73="",'Fase de Grupos'!F73="",'Fase de Grupos'!H73=""),"",IF(AND(E73='Fase de Grupos'!F73,G73='Fase de Grupos'!H73),5,IF(SIGN(E73-G73)=SIGN('Fase de Grupos'!F73-'Fase de Grupos'!H73),3,0))) -> 0
H74: TOTAL DE PONTOS → | J74: =SUM(J2:J73) -> 80
H75: Pontuação máxima possível → | J75: 360
D77: 🏆 REGRAS DE PONTUAÇÃO DO BOLÃO
D79: Tipo de Acerto | E79: Símbolo | F79: Pontos
D80: Placar exato (ex: 2x1 = 2x1) | E80: ✅ | F80: 5 pontos
D81: Acertou resultado (vencedor/empate) | E81: 🟡 | F81: 3 pontos
D82: Errou o resultado | E82: ❌ | F82: 0 pontos
D83: Aguardando resultado/palpite | E83: ⏳ | F83: —

Sheet Ranking
A1: 🏆 RANKING DO BOLÃO - COPA DO MUNDO 2026
A2: Posição | B2: Participante | C2: Pontos | D2: Placares Exatos | E2: Resultados Certos | F2: Erros
A3: =RANK(C3,$C$3:$C$12,0) -> #VALUE! | B3: Andrey | C3: ='Palpites - Andrey'!J74+'Palpites MM - Andrey'!J34 -> 80 | D3: =COUNTIF('Palpites - Andrey'!I2:I73,"✅*") -> 1 | E3: =COUNTIF('Palpites - Andrey'!I2:I73,"🟡*") -> 25 | F3: =COUNTIF('Palpites - Nataniele'!I2:I73,"❌*") -> 36
A4: =RANK(C4,$C$3:$C$12,0) -> #VALUE! | B4: Nataniele | C4: ='Palpites - Nataniele'!J74 -> 120 | D4: =COUNTIF('Palpites - Nataniele'!I2:I73,"✅*") -> 6 | E4: =COUNTIF('Palpites - Nataniele'!I2:I73,"🟡*") -> 30 | F4: =COUNTIF('Palpites - Nataniele'!I2:I73,"❌*") -> 36
A5: =RANK(C5,$C$3:$C$12,0) -> #VALUE! | B5: Candido | C5: ='Palpites - Candido'!J74 -> 102 | D5: =COUNTIF('Palpites - Candido'!I2:I73,"✅*") -> 3 | E5: =COUNTIF('Palpites - Candido'!I2:I73,"🟡*") -> 29 | F5: =COUNTIF('Palpites - Candido'!I2:I73,"❌*") -> 40
A6: =RANK(C6,$C$3:$C$12,0) -> #VALUE! | B6: Cosman | C6: ='Palpites - Cosman'!J74+'Palpites MM - Cosman'!J34 -> #VALUE! | D6: =COUNTIF('Palpites - Cosman'!I2:I73,"✅*") -> 8 | E6: =COUNTIF('Palpites - Cosman'!I2:I73,"🟡*") -> 25 | F6: =COUNTIF('Palpites - Cosman'!I2:I73,"❌*") -> 39
A7: =RANK(C7,$C$3:$C$12,0) -> #VALUE! | B7: Eliana | C7: ='Palpites - Eliana'!J74 -> 114 | D7: =COUNTIF('Palpites - Eliana'!I2:I73,"✅*") -> 6 | E7: =COUNTIF('Palpites - Eliana'!I2:I73,"🟡*") -> 28 | F7: =COUNTIF('Palpites - Eliana'!I2:I73,"❌*") -> 38
A8: =RANK(C8,$C$3:$C$12,0) -> #VALUE! | B8: Isac | C8: ='Palpites - Isac'!J74 -> 119 | D8: =COUNTIF('Palpites - Isac'!I2:I73,"✅*") -> 4 | E8: =COUNTIF('Palpites - Isac'!I2:I73,"🟡*") -> 33 | F8: =COUNTIF('Palpites - Isac'!I2:I73,"❌*") -> 35
A9: =RANK(C9,$C$3:$C$12,0) -> #VALUE! | B9: Lona | C9: ='Palpites - Lona'!J74 -> 97 | D9: =COUNTIF('Palpites - Lona'!I2:I73,"✅*") -> 2 | E9: =COUNTIF('Palpites - Lona'!I2:I73,"🟡*") -> 29 | F9: =COUNTIF('Palpites - Lona'!I2:I73,"❌*") -> 41
A10: =RANK(C10,$C$3:$C$12,0) -> #VALUE! | B10: PC | C10: ='Palpites - PC'!J74 -> 142 | D10: =COUNTIF('Palpites - PC'!I2:I73,"✅*") -> 8 | E10: =COUNTIF('Palpites - PC'!I2:I73,"🟡*") -> 34 | F10: =COUNTIF('Palpites - PC'!I2:I73,"❌*") -> 30
A11: =RANK(C11,$C$3:$C$12,0) -> #VALUE! | B11: Sandra | C11: ='Palpites - Sandra'!J74 -> 114 | D11: =COUNTIF('Palpites - Sandra'!I2:I73,"✅*") -> 3 | E11: =COUNTIF('Palpites - Sandra'!I2:I73,"🟡*") -> 33 | F11: =COUNTIF('Palpites - Sandra'!I2:I73,"❌*") -> 36
A12: =RANK(C12,$C$3:$C$12,0) -> #VALUE! | B12: Vania | C12: ='Palpites - Vania'!J74 -> 115 | D12: =COUNTIF('Palpites - Vania'!I2:I73,"✅*") -> 5 | E12: =COUNTIF('Palpites - Vania'!I2:I73,"🟡*") -> 30 | F12: =COUNTIF('Palpites - Vania'!I2:I73,"❌*") -> 33
A14: 📌 Atualizado automaticamente conforme os resultados são preenchidos na aba "Fase de Grupos"
A16: 📊 Sistema de Pontuação: ✅ Placar exato = 5 pts | 🟡 Acertou resultado = 3 pts | ❌ Errou = 0 pts

Sheet Palpites MM - Cosman
A1: Jogo # | B1: Grupo | C1: Data | D1: Seleção 1 | E1: Palpite 1 | F1: x | G1: Palpite 2 | H1: Seleção 2 | I1: Resultado | J1: Pontos
A2: 73 | B2: 16 avos | C2: 28/06 | D2: Àfrica do Sul | E2: 1 | F2: x | G2: 2 | H2: Canadá | I2: ⏳ | J2: =IF(OR(E2="",G2="",'Mata-Mata'!F2="",'Mata-Mata'!H2=""),"",IF(AND(E2='Mata-Mata'!F2,G2='Mata-Mata'!H2),5,IF(SIGN(E2-G2)=SIGN('Mata-Mata'!F2-'Mata-Mata'!H2),3,0))) -> #VALUE!
A3: 74 | B3: 16 avos | C3: 29/06 | D3: Brasil | F3: x | H3: Japão | I3: ⏳
A4: 75 | B4: 16 avos | C4: 29/06 | D4: Alemanha | F4: x | H4: Paraguai | I4: ⏳
A5: 76 | B5: 16 avos | C5: 29/06 | D5: Holanda | F5: x | H5: Marrocos | I5: ⏳
A6: 77 | B6: 16 avos | C6: 30/06 | D6: Costa do Marfim | F6: x | H6: Noruega | I6: ⏳
A7: 78 | B7: 16 avos | C7: 30/06 | D7: França | F7: x | H7: Suécia | I7: ⏳
A8: 79 | B8: 16 avos | C8: 30/06 | D8: México | F8: x | H8: Equador | I8: ⏳
A9: 80 | B9: 16 avos | C9: 01/07 | D9: Inglaterra | F9: x | H9: Congo | I9: ⏳
A10: 81 | B10: 16 avos | C10: 01/07 | D10: Bélgica | F10: x | H10: Senegal | I10: ⏳
A11: 82 | B11: 16 avos | C11: 01/07 | D11: Estados Unidos | F11: x | H11: Bósnia Herzegovina | I11: ⏳
A12: 83 | B12: 16 avos | C12: 02/07 | D12: Espanha | F12: x | H12: Áustria | I12: ⏳
A13: 84 | B13: 16 avos | C13: 02/07 | D13: Portugal | F13: x | H13: Croácia | I13: ⏳
A14: 85 | B14: 16 avos | C14: 03/07 | D14: Suíça | F14: x | H14: Argélia | I14: ⏳
... A33: 104 | B33: FINAL | C33: 19/07 | D33: A definir | F33: x | H33: A definir | I33: ⏳
H34: TOTAL DE PONTOS → | J34: =SUM(J2:J33) -> #VALUE!
H35: Pontuação máxima possível → | J35: 360
D37: 🏆 REGRAS DE PONTUAÇÃO DO BOLÃO
D39: Tipo de Acerto | E39: Símbolo | F39: Pontos
D40: Placar exato (ex: 2x1 = 2x1) | E40: ✅ | F40: 5 pontos
D41: Acertou resultado (vencedor/empate) | E41: 🟡 | F41: 3 pontos
D42: Errou o resultado | E42: ❌ | F42: 0 pontos
D43: Aguardando resultado/palpite | E43: ⏳ | F43: —

Sheet Palpites MM - Andrey
A1: Jogo # | B1: Grupo | C1: Data | D1: Seleção 1 | E1: Palpite 1 | F1: x | G1: Palpite 2 | H1: Seleção 2 | I1: Resultado | J1: Pontos
A2: 73 | B2: 16 avos | C2: 28/06 | D2: Àfrica do Sul | E2: 2 | F2: x | G2: 2 | H2: Canadá | I2: ⏳
A3: 74 | B3: 16 avos | C3: 29/06 | D3: Brasil | F3: x | H3: Japão | I3: ⏳
A4: 75 | B4: 16 avos | C4: 29/06 | D4: Alemanha | F4: x | H4: Paraguai | I4: ⏳
A5: 76 | B5: 16 avos | C5: 29/06 | D5: Holanda | F5: x | H5: Marrocos | I5: ⏳
A6: 77 | B6: 16 avos | C6: 30/06 | D6: Costa do Marfim | F6: x | H6: Noruega | I6: ⏳
A7: 78 | B7: 16 avos | C7: 30/06 | D7: França | F7: x | H7: Suécia | I7: ⏳
A8: 79 | B8: 16 avos | C8: 30/06 | D8: México | F8: x | H8: Equador | I8: ⏳
A9: 80 | B9: 16 avos | C9: 01/07 | D9: Inglaterra | F9: x | H9: Congo | I9: ⏳
A10: 81 | B10: 16 avos | C10: 01/07 | D10: Bélgica | F10: x | H10: Senegal | I10: ⏳
A11: 82 | B11: 16 avos | C11: 01/07 | D11: Estados Unidos | F11: x | H11: Bósnia Herzegovina | I11: ⏳
A12: 83 | B12: 16 avos | C12: 02/07 | D12: Espanha | F12: x | H12: Áustria | I12: ⏳
A13: 84 | B13: 16 avos | C13: 02/07 | D13: Portugal | F13: x | H13: Croácia | I13: ⏳
A14: 85 | B14: 16 avos | C14: 03/07 | D14: Suíça | F14: x | H14: Argélia | I14: ⏳
... A33: 104 | B33: FINAL | C33: 19/07 | D33: A definir | F33: x | H33: A definir | I33: ⏳
H34: TOTAL DE PONTOS → | J34: 0
H35: Pontuação máxima possível → | J35: 360
D37: 🏆 REGRAS DE PONTUAÇÃO DO BOLÃO
D39: Tipo de Acerto | E39: Símbolo | F39: Pontos
